0002,0000;FileMetaInfoGroupLength
0002,0001;FileMetaInfoVersion
0002,0002;MediaStorageSOPClassUID
0002,0003;MediaStorageSOPInstanceUID
0002,0010;TransferSyntaxUID
0002,0012;ImplementationClassUID
0002,0013;ImplementationVersionName
0002,0016;SourceApplicationEntityTitle
0002,0100;PrivateInformationCreatorUID
0002,0102;PrivateInformation
0004,1130;FileSetID
0004,1141;FileSetDescriptorFileID
0004,1142;SpecificCharacterSetOfFile
0004,1200;FirstDirectoryRecordOffset
0004,1202;LastDirectoryRecordOffset
0004,1212;FileSetConsistencyFlag
0004,1220;DirectoryRecordSequence
0004,1400;OffsetOfNextDirectoryRecord
0004,1410;RecordInUseFlag
0004,1420;LowerLevelDirectoryEntityOffset
0004,1430;DirectoryRecordType
0004,1432;PrivateRecordUID
0004,1500;ReferencedFileID
0004,1504;MRDRDirectoryRecordOffset
0004,1510;ReferencedSOPClassUIDInFile
0004,1511;ReferencedSOPInstanceUIDInFile
0004,1512;ReferencedTransferSyntaxUIDInFile
0004,151A;ReferencedRelatedSOPClassUIDInFile
0004,1600;NumberOfReferences
0008,0000;IdentifyingGroupLength
0008,0001;LengthToEnd
0008,0005;SpecificCharacterSet
0008,0006;LanguageCodeSequence
0008,0008;ImageType
0008,0010;RecognitionCode
0008,0012;InstanceCreationDate
0008,0013;InstanceCreationTime
0008,0014;InstanceCreatorUID
0008,0016;SOPClassUID
0008,0018;SOPInstanceUID
0008,001A;RelatedGeneralSOPClassUID
0008,001B;OriginalSpecializedSOPClassUID
0008,0020;StudyDate
0008,0021;SeriesDate
0008,0022;AcquisitionDate
0008,0023;ContentDate
0008,0024;OverlayDate
0008,0025;CurveDate
0008,002A;AcquisitionDateTime
0008,0030;StudyTime
0008,0031;SeriesTime
0008,0032;AcquisitionTime
0008,0033;ContentTime
0008,0034;OverlayTime
0008,0035;CurveTime
0008,0040;DataSetType
0008,0041;DataSetSubtype
0008,0042;NuclearMedicineSeriesType
0008,0050;AccessionNumber
0008,0052;QueryRetrieveLevel
0008,0054;RetrieveAETitle
0008,0056;InstanceAvailability
0008,0058;FailedSOPInstanceUIDList
0008,0060;Modality
0008,0061;ModalitiesInStudy
0008,0062;SOPClassesInStudy
0008,0064;ConversionType
0008,0068;PresentationIntentType
0008,0070;Manufacturer
0008,0080;InstitutionName
0008,0081;InstitutionAddress
0008,0082;InstitutionCodeSequence
0008,0090;ReferringPhysicianName
0008,0092;ReferringPhysicianAddress
0008,0094;ReferringPhysicianTelephoneNumber
0008,0096;ReferringPhysicianIDSequence
0008,0100;CodeValue
0008,0102;CodingSchemeDesignator
0008,0103;CodingSchemeVersion
0008,0104;CodeMeaning
0008,0105;MappingResource
0008,0106;ContextGroupVersion
0008,0107;ContextGroupLocalVersion
0008,010B;ContextGroupExtensionFlag
0008,010C;CodingSchemeUID
0008,010D;ContextGroupExtensionCreatorUID
0008,010F;ContextIdentifier
0008,0110;CodingSchemeIDSequence
0008,0112;CodingSchemeRegistry
0008,0114;CodingSchemeExternalID
0008,0115;CodingSchemeName
0008,0116;ResponsibleOrganization
0008,0117;ContextUID
0008,0201;TimezoneOffsetFromUTC
0008,1000;NetworkID
0008,1010;StationName
0008,1030;StudyDescription
0008,1032;ProcedureCodeSequence
0008,103E;SeriesDescription
0008,1040;InstitutionalDepartmentName
0008,1048;PhysiciansOfRecord
0008,1049;PhysiciansOfRecordIDSequence
0008,1050;PerformingPhysicianName
0008,1052;PerformingPhysicianIDSequence
0008,1060;NameOfPhysicianReadingStudy
0008,1062;PhysicianReadingStudyIDSequence
0008,1070;OperatorsName
0008,1072;OperatorIDSequence
0008,1080;AdmittingDiagnosesDescription
0008,1084;AdmittingDiagnosesCodeSequence
0008,1090;ManufacturersModelName
0008,1100;ReferencedResultsSequence
0008,1110;ReferencedStudySequence
0008,1111;ReferencedProcedureStepSequence
0008,1115;ReferencedSeriesSequence
0008,1120;ReferencedPatientSequence
0008,1125;ReferencedVisitSequence
0008,1130;ReferencedOverlaySequence
0008,113A;ReferencedWaveformSequence
0008,1140;ReferencedImageSequence
0008,1145;ReferencedCurveSequence
0008,114A;ReferencedInstanceSequence
0008,1150;ReferencedSOPClassUID
0008,1155;ReferencedSOPInstanceUID
0008,115A;SOPClassesSupported
0008,1160;ReferencedFrameNumber
0008,1161;SimpleFrameList
0008,1162;CalculatedFrameList
0008,1163;TimeRange
0008,1164;FrameExtractionSequence
0008,1195;TransactionUID
0008,1197;FailureReason
0008,1198;FailedSOPSequence
0008,1199;ReferencedSOPSequence
0008,1200;OtherReferencedStudiesSequence
0008,1250;RelatedSeriesSequence
0008,2110;LossyImageCompression
0008,2111;DerivationDescription
0008,2112;SourceImageSequence
0008,2120;StageName
0008,2122;StageNumber
0008,2124;NumberOfStages
0008,2127;ViewName
0008,2128;ViewNumber
0008,2129;NumberOfEventTimers
0008,212A;NumberOfViewsInStage
0008,2130;EventElapsedTimes
0008,2132;EventTimerNames
0008,2133;EventTimerSequence
0008,2134;EventTimeOffset
0008,2135;EventCodeSequence
0008,2142;StartTrim
0008,2143;StopTrim
0008,2144;RecommendedDisplayFrameRate
0008,2200;TransducerPosition
0008,2204;TransducerOrientation
0008,2208;AnatomicStructure
0008,2218;AnatomicRegionSequence
0008,2220;AnatomicRegionModifierSequence
0008,2228;PrimaryAnatomicStructureSequence
0008,2229;AnatomicStructureOrRegionSequence
0008,2230;AnatomicStructureModifierSequence
0008,2240;TransducerPositionSequence
0008,2242;TransducerPositionModifierSequence
0008,2244;TransducerOrientationSequence
0008,2246;TransducerOrientationModifierSeq
0008,2253;AnatomicEntrancePortalCodeSeqTrial
0008,2255;AnatomicApproachDirCodeSeqTrial
0008,2256;AnatomicPerspectiveDescrTrial
0008,2257;AnatomicPerspectiveCodeSeqTrial
0008,3001;AlternateRepresentationSequence
0008,3010;IrradiationEventUID
0008,4000;IdentifyingComments
0008,9007;FrameType
0008,9092;ReferencedImageEvidenceSequence
0008,9121;ReferencedRawDataSequence
0008,9123;CreatorVersionUID
0008,9124;DerivationImageSequence
0008,9154;SourceImageEvidenceSequence
0008,9205;PixelPresentation
0008,9206;VolumetricProperties
0008,9207;VolumeBasedCalculationTechnique
0008,9208;ComplexImageComponent
0008,9209;AcquisitionContrast
0008,9215;DerivationCodeSequence
0008,9237;GrayscalePresentationStateSequence
0008,9410;ReferencedOtherPlaneSequence
0008,9458;FrameDisplaySequence
0008,9459;RecommendedDisplayFrameRateInFloat
0008,9460;SkipFrameRangeFlag
0009,1001;FullFidelity
0009,1002;SuiteID
0009,1004;ProductID
0009,1027;ImageActualDate
0009,1030;ServiceID
0009,1031;MobileLocationNumber
0009,10E3;EquipmentUID
0009,10E6;GenesisVersionNow
0009,10E7;ExamRecordChecksum
0009,10E9;ActualSeriesDataTimeStamp
0010,0000;PatientGroupLength
0010,0010;PatientName
0010,0020;PatientID
0010,0021;IssuerOfPatientID
0010,0022;TypeOfPatientID
0010,0030;PatientBirthDate
0010,0032;PatientBirthTime
0010,0040;PatientSex
0010,0050;PatientInsurancePlanCodeSequence
0010,0101;PatientPrimaryLanguageCodeSeq
0010,0102;PatientPrimaryLanguageCodeModSeq
0010,1000;OtherPatientIDs
0010,1001;OtherPatientNames
0010,1002;OtherPatientIDsSequence
0010,1005;PatientBirthName
0010,1010;PatientAge
0010,1020;PatientSize
0010,1030;PatientWeight
0010,1040;PatientAddress
0010,1050;InsurancePlanIdentification
0010,1060;PatientMotherBirthName
0010,1080;MilitaryRank
0010,1081;BranchOfService
0010,1090;MedicalRecordLocator
0010,2000;MedicalAlerts
0010,2110;Allergies
0010,2150;CountryOfResidence
0010,2152;RegionOfResidence
0010,2154;PatientTelephoneNumbers
0010,2160;EthnicGroup
0010,2180;Occupation
0010,21A0;SmokingStatus
0010,21B0;AdditionalPatientHistory
0010,21C0;PregnancyStatus
0010,21D0;LastMenstrualDate
0010,21F0;PatientReligiousPreference
0010,2201;PatientSpeciesDescription
0010,2202;PatientSpeciesCodeSequence
0010,2203;PatientSexNeutered
0010,2210;AnatomicalOrientationType
0010,2292;PatientBreedDescription
0010,2293;PatientBreedCodeSequence
0010,2294;BreedRegistrationSequence
0010,2295;BreedRegistrationNumber
0010,2296;BreedRegistryCodeSequence
0010,2297;ResponsiblePerson
0010,2298;ResponsiblePersonRole
0010,2299;ResponsibleOrganization
0010,4000;PatientComments
0010,9431;ExaminedBodyThickness
0011,1010;PatientStatus
0012,0010;ClinicalTrialSponsorName
0012,0020;ClinicalTrialProtocolID
0012,0021;ClinicalTrialProtocolName
0012,0030;ClinicalTrialSiteID
0012,0031;ClinicalTrialSiteName
0012,0040;ClinicalTrialSubjectID
0012,0042;ClinicalTrialSubjectReadingID
0012,0050;ClinicalTrialTimePointID
0012,0051;ClinicalTrialTimePointDescription
0012,0060;ClinicalTrialCoordinatingCenter
0012,0062;PatientIdentityRemoved
0012,0063;DeidentificationMethod
0012,0064;DeidentificationMethodCodeSequence
0012,0071;ClinicalTrialSeriesID
0012,0072;ClinicalTrialSeriesDescription
0012,0084;DistributionType
0012,0085;ConsentForDistributionFlag
0018,0000;AcquisitionGroupLength
0018,0010;ContrastBolusAgent
0018,0012;ContrastBolusAgentSequence
0018,0014;ContrastBolusAdministrationRoute
0018,0015;BodyPartExamined
0018,0020;ScanningSequence
0018,0021;SequenceVariant
0018,0022;ScanOptions
0018,0023;MRAcquisitionType
0018,0024;SequenceName
0018,0025;AngioFlag
0018,0026;InterventionDrugInformationSeq
0018,0027;InterventionDrugStopTime
0018,0028;InterventionDrugDose
0018,0029;InterventionDrugSequence
0018,002A;AdditionalDrugSequence
0018,0030;Radionuclide
0018,0031;Radiopharmaceutical
0018,0032;EnergyWindowCenterline
0018,0033;EnergyWindowTotalWidth
0018,0034;InterventionDrugName
0018,0035;InterventionDrugStartTime
0018,0036;InterventionSequence
0018,0037;TherapyType
0018,0038;InterventionStatus
0018,0039;TherapyDescription
0018,003A;InterventionDescription
0018,0040;CineRate
0018,0042;InitialCineRunState
0018,0050;SliceThickness
0018,0060;KVP
0018,0070;CountsAccumulated
0018,0071;AcquisitionTerminationCondition
0018,0072;EffectiveDuration
0018,0073;AcquisitionStartCondition
0018,0074;AcquisitionStartConditionData
0018,0075;AcquisitionEndConditionData
0018,0080;RepetitionTime
0018,0081;EchoTime
0018,0082;InversionTime
0018,0083;NumberOfAverages
0018,0084;ImagingFrequency
0018,0085;ImagedNucleus
0018,0086;EchoNumber
0018,0087;MagneticFieldStrength
0018,0088;SpacingBetweenSlices
0018,0089;NumberOfPhaseEncodingSteps
0018,0090;DataCollectionDiameter
0018,0091;EchoTrainLength
0018,0093;PercentSampling
0018,0094;PercentPhaseFieldOfView
0018,0095;PixelBandwidth
0018,1000;DeviceSerialNumber
0018,1002;DeviceUID
0018,1003;DeviceID
0018,1004;PlateID
0018,1005;GeneratorID
0018,1006;GridID
0018,1007;CassetteID
0018,1008;GantryID
0018,1010;SecondaryCaptureDeviceID
0018,1011;HardcopyCreationDeviceID
0018,1012;DateOfSecondaryCapture
0018,1014;TimeOfSecondaryCapture
0018,1016;SecondaryCaptureDeviceManufacturer
0018,1017;HardcopyDeviceManufacturer
0018,1018;SecondaryCaptureDeviceModelName
0018,1019;SecondaryCaptureDeviceSoftwareVers
0018,101A;HardcopyDeviceSoftwareVersion
0018,101B;HardcopyDeviceModelName
0018,1020;SoftwareVersion
0018,1022;VideoImageFormatAcquired
0018,1023;DigitalImageFormatAcquired
0018,1030;ProtocolName
0018,1040;ContrastBolusRoute
0018,1041;ContrastBolusVolume
0018,1042;ContrastBolusStartTime
0018,1043;ContrastBolusStopTime
0018,1044;ContrastBolusTotalDose
0018,1045;SyringeCounts
0018,1046;ContrastFlowRate
0018,1047;ContrastFlowDuration
0018,1048;ContrastBolusIngredient
0018,1049;ContrastBolusConcentration
0018,1050;SpatialResolution
0018,1060;TriggerTime
0018,1061;TriggerSourceOrType
0018,1062;NominalInterval
0018,1063;FrameTime
0018,1064;CardiacFramingType
0018,1065;FrameTimeVector
0018,1066;FrameDelay
0018,1067;ImageTriggerDelay
0018,1068;MultiplexGroupTimeOffset
0018,1069;TriggerTimeOffset
0018,106A;SynchronizationTrigger
0018,106C;SynchronizationChannel
0018,106E;TriggerSamplePosition
0018,1070;RadiopharmaceuticalRoute
0018,1071;RadiopharmaceuticalVolume
0018,1072;RadiopharmaceuticalStartTime
0018,1073;RadiopharmaceuticalStopTime
0018,1074;RadionuclideTotalDose
0018,1075;RadionuclideHalfLife
0018,1076;RadionuclidePositronFraction
0018,1077;RadiopharmaceuticalSpecActivity
0018,1078;RadiopharmaceuticalStartDateTime
0018,1079;RadiopharmaceuticalStopDateTime
0018,1080;BeatRejectionFlag
0018,1081;LowRRValue
0018,1082;HighRRValue
0018,1083;IntervalsAcquired
0018,1084;IntervalsRejected
0018,1085;PVCRejection
0018,1086;SkipBeats
0018,1088;HeartRate
0018,1090;CardiacNumberOfImages
0018,1094;TriggerWindow
0018,1100;ReconstructionDiameter
0018,1110;DistanceSourceToDetector
0018,1111;DistanceSourceToPatient
0018,1114;EstimatedRadiographicMagnification
0018,1120;GantryDetectorTilt
0018,1121;GantryDetectorSlew
0018,1130;TableHeight
0018,1131;TableTraverse
0018,1134;TableMotion
0018,1135;TableVerticalIncrement
0018,1136;TableLateralIncrement
0018,1137;TableLongitudinalIncrement
0018,1138;TableAngle
0018,113A;TableType
0018,1140;RotationDirection
0018,1141;AngularPosition
0018,1142;RadialPosition
0018,1143;ScanArc
0018,1144;AngularStep
0018,1145;CenterOfRotationOffset
0018,1146;RotationOffset
0018,1147;FieldOfViewShape
0018,1149;FieldOfViewDimensions
0018,1150;ExposureTime
0018,1151;XRayTubeCurrent
0018,1152;Exposure
0018,1153;ExposureInMicroAmpSec
0018,1154;AveragePulseWidth
0018,1155;RadiationSetting
0018,1156;RectificationType
0018,115A;RadiationMode
0018,115E;ImageAreaDoseProduct
0018,1160;FilterType
0018,1161;TypeOfFilters
0018,1162;IntensifierSize
0018,1164;ImagerPixelSpacing
0018,1166;Grid
0018,1170;GeneratorPower
0018,1180;CollimatorGridName
0018,1181;CollimatorType
0018,1182;FocalDistance
0018,1183;XFocusCenter
0018,1184;YFocusCenter
0018,1190;FocalSpots
0018,1191;AnodeTargetMaterial
0018,11A0;BodyPartThickness
0018,11A2;CompressionForce
0018,1200;DateOfLastCalibration
0018,1201;TimeOfLastCalibration
0018,1210;ConvolutionKernel
0018,1240;UpperLowerPixelValues
0018,1242;ActualFrameDuration
0018,1243;CountRate
0018,1244;PreferredPlaybackSequencing
0018,1250;ReceiveCoilName
0018,1251;TransmitCoilName
0018,1260;PlateType
0018,1261;PhosphorType
0018,1300;ScanVelocity
0018,1301;WholeBodyTechnique
0018,1302;ScanLength
0018,1310;AcquisitionMatrix
0018,1312;InPlanePhaseEncodingDirection
0018,1314;FlipAngle
0018,1315;VariableFlipAngleFlag
0018,1316;SAR
0018,1318;DB-Dt
0018,1400;AcquisitionDeviceProcessingDescr
0018,1401;AcquisitionDeviceProcessingCode
0018,1402;CassetteOrientation
0018,1403;CassetteSize
0018,1404;ExposuresOnPlate
0018,1405;RelativeXRayExposure
0018,1450;ColumnAngulation
0018,1460;TomoLayerHeight
0018,1470;TomoAngle
0018,1480;TomoTime
0018,1490;TomoType
0018,1491;TomoClass
0018,1495;NumberOfTomosynthesisSourceImages
0018,1500;PositionerMotion
0018,1508;PositionerType
0018,1510;PositionerPrimaryAngle
0018,1511;PositionerSecondaryAngle
0018,1520;PositionerPrimaryAngleIncrement
0018,1521;PositionerSecondaryAngleIncrement
0018,1530;DetectorPrimaryAngle
0018,1531;DetectorSecondaryAngle
0018,1600;ShutterShape
0018,1602;ShutterLeftVerticalEdge
0018,1604;ShutterRightVerticalEdge
0018,1606;ShutterUpperHorizontalEdge
0018,1608;ShutterLowerHorizontalEdge
0018,1610;CenterOfCircularShutter
0018,1612;RadiusOfCircularShutter
0018,1620;VerticesOfPolygonalShutter
0018,1622;ShutterPresentationValue
0018,1623;ShutterOverlayGroup
0018,1624;ShutterPresentationColorCIELabVal
0018,1700;CollimatorShape
0018,1702;CollimatorLeftVerticalEdge
0018,1704;CollimatorRightVerticalEdge
0018,1706;CollimatorUpperHorizontalEdge
0018,1708;CollimatorLowerHorizontalEdge
0018,1710;CenterOfCircularCollimator
0018,1712;RadiusOfCircularCollimator
0018,1720;VerticesOfPolygonalCollimator
0018,1800;AcquisitionTimeSynchronized
0018,1801;TimeSource
0018,1802;TimeDistributionProtocol
0018,1803;NTPSourceAddress
0018,2001;PageNumberVector
0018,2002;FrameLabelVector
0018,2003;FramePrimaryAngleVector
0018,2004;FrameSecondaryAngleVector
0018,2005;SliceLocationVector
0018,2006;DisplayWindowLabelVector
0018,2010;NominalScannedPixelSpacing
0018,2020;DigitizingDeviceTransportDirection
0018,2030;RotationOfScannedFilm
0018,3100;IVUSAcquisition
0018,3101;IVUSPullbackRate
0018,3102;IVUSGatedRate
0018,3103;IVUSPullbackStartFrameNumber
0018,3104;IVUSPullbackStopFrameNumber
0018,3105;LesionNumber
0018,4000;AcquisitionComments
0018,5000;OutputPower
0018,5010;TransducerData
0018,5012;FocusDepth
0018,5020;ProcessingFunction
0018,5021;PostprocessingFunction
0018,5022;MechanicalIndex
0018,5024;BoneThermalIndex
0018,5026;CranialThermalIndex
0018,5027;SoftTissueThermalIndex
0018,5028;SoftTissueFocusThermalIndex
0018,5029;SoftTissueSurfaceThermalIndex
0018,5030;DynamicRange
0018,5040;TotalGain
0018,5050;DepthOfScanField
0018,5100;PatientPosition
0018,5101;ViewPosition
0018,5104;ProjectionEponymousNameCodeSeq
0018,5210;ImageTransformationMatrix
0018,5212;ImageTranslationVector
0018,6000;Sensitivity
0018,6011;SequenceOfUltrasoundRegions
0018,6012;RegionSpatialFormat
0018,6014;RegionDataType
0018,6016;RegionFlags
0018,6018;RegionLocationMinX0
0018,601A;RegionLocationMinY0
0018,601C;RegionLocationMaxX1
0018,601E;RegionLocationMaxY1
0018,6020;ReferencePixelX0
0018,6022;ReferencePixelY0
0018,6024;PhysicalUnitsXDirection
0018,6026;PhysicalUnitsYDirection
0018,6028;ReferencePixelPhysicalValueX
0018,602A;ReferencePixelPhysicalValueY
0018,602C;PhysicalDeltaX
0018,602E;PhysicalDeltaY
0018,6030;TransducerFrequency
0018,6031;TransducerType
0018,6032;PulseRepetitionFrequency
0018,6034;DopplerCorrectionAngle
0018,6036;SteeringAngle
0018,6038;DopplerSampleVolumeXPosRetired
0018,6039;DopplerSampleVolumeXPosition
0018,603A;DopplerSampleVolumeYPosRetired
0018,603B;DopplerSampleVolumeYPosition
0018,603C;TMLinePositionX0Retired
0018,603D;TMLinePositionX0
0018,603E;TMLinePositionY0Retired
0018,603F;TMLinePositionY0
0018,6040;TMLinePositionX1Retired
0018,6041;TMLinePositionX1
0018,6042;TMLinePositionY1Retired
0018,6043;TMLinePositionY1
0018,6044;PixelComponentOrganization
0018,6046;PixelComponentMask
0018,6048;PixelComponentRangeStart
0018,604A;PixelComponentRangeStop
0018,604C;PixelComponentPhysicalUnits
0018,604E;PixelComponentDataType
0018,6050;NumberOfTableBreakPoints
0018,6052;TableOfXBreakPoints
0018,6054;TableOfYBreakPoints
0018,6056;NumberOfTableEntries
0018,6058;TableOfPixelValues
0018,605A;TableOfParameterValues
0018,6060;RWaveTimeVector
0018,7000;DetectorConditionsNominalFlag
0018,7001;DetectorTemperature
0018,7004;DetectorType
0018,7005;DetectorConfiguration
0018,7006;DetectorDescription
0018,7008;DetectorMode
0018,700A;DetectorID
0018,700C;DateOfLastDetectorCalibration
0018,700E;TimeOfLastDetectorCalibration
0018,7010;DetectorExposuresSinceCalibration
0018,7011;DetectorExposuresSinceManufactured
0018,7012;DetectorTimeSinceLastExposure
0018,7014;DetectorActiveTime
0018,7016;DetectorActiveOffsetFromExposure
0018,701A;DetectorBinning
0018,7020;DetectorElementPhysicalSize
0018,7022;DetectorElementSpacing
0018,7024;DetectorActiveShape
0018,7026;DetectorActiveDimensions
0018,7028;DetectorActiveOrigin
0018,702A;DetectorManufacturerName
0018,702B;DetectorManufacturersModelName
0018,7030;FieldOfViewOrigin
0018,7032;FieldOfViewRotation
0018,7034;FieldOfViewHorizontalFlip
0018,7040;GridAbsorbingMaterial
0018,7041;GridSpacingMaterial
0018,7042;GridThickness
0018,7044;GridPitch
0018,7046;GridAspectRatio
0018,7048;GridPeriod
0018,704C;GridFocalDistance
0018,7050;FilterMaterial
0018,7052;FilterThicknessMinimum
0018,7054;FilterThicknessMaximum
0018,7060;ExposureControlMode
0018,7062;ExposureControlModeDescription
0018,7064;ExposureStatus
0018,7065;PhototimerSetting
0018,8150;ExposureTimeInMicroSec
0018,8151;XRayTubeCurrentInMicroAmps
0018,9004;ContentQualification
0018,9005;PulseSequenceName
0018,9006;MRImagingModifierSequence
0018,9008;EchoPulseSequence
0018,9009;InversionRecovery
0018,9010;FlowCompensation
0018,9011;MultipleSpinEcho
0018,9012;MultiPlanarExcitation
0018,9014;PhaseContrast
0018,9015;TimeOfFlightContrast
0018,9016;Spoiling
0018,9017;SteadyStatePulseSequence
0018,9018;EchoPlanarPulseSequence
0018,9019;TagAngleFirstAxis
0018,9020;MagnetizationTransfer
0018,9021;T2Preparation
0018,9022;BloodSignalNulling
0018,9024;SaturationRecovery
0018,9025;SpectrallySelectedSuppression
0018,9026;SpectrallySelectedExcitation
0018,9027;SpatialPresaturation
0018,9028;Tagging
0018,9029;OversamplingPhase
0018,9030;TagSpacingFirstDimension
0018,9032;GeometryOfKSpaceTraversal
0018,9033;SegmentedKSpaceTraversal
0018,9034;RectilinearPhaseEncodeReordering
0018,9035;TagThickness
0018,9036;PartialFourierDirection
0018,9037;CardiacSynchronizationTechnique
0018,9041;ReceiveCoilManufacturerName
0018,9042;MRReceiveCoilSequence
0018,9043;ReceiveCoilType
0018,9044;QuadratureReceiveCoil
0018,9045;MultiCoilDefinitionSequence
0018,9046;MultiCoilConfiguration
0018,9047;MultiCoilElementName
0018,9048;MultiCoilElementUsed
0018,9049;MRTransmitCoilSequence
0018,9050;TransmitCoilManufacturerName
0018,9051;TransmitCoilType
0018,9052;SpectralWidth
0018,9053;ChemicalShiftReference
0018,9054;VolumeLocalizationTechnique
0018,9058;MRAcquisitionFrequencyEncodeSteps
0018,9059;Decoupling
0018,9060;DecoupledNucleus
0018,9061;DecouplingFrequency
0018,9062;DecouplingMethod
0018,9063;DecouplingChemicalShiftReference
0018,9064;KSpaceFiltering
0018,9065;TimeDomainFiltering
0018,9066;NumberOfZeroFills
0018,9067;BaselineCorrection
0018,9069;ParallelReductionFactorInPlane
0018,9070;CardiacRRIntervalSpecified
0018,9073;AcquisitionDuration
0018,9074;FrameAcquisitionDateTime
0018,9075;DiffusionDirectionality
0018,9076;DiffusionGradientDirectionSequence
0018,9077;ParallelAcquisition
0018,9078;ParallelAcquisitionTechnique
0018,9079;InversionTimes
0018,9080;MetaboliteMapDescription
0018,9081;PartialFourier
0018,9082;EffectiveEchoTime
0018,9083;MetaboliteMapCodeSequence
0018,9084;ChemicalShiftSequence
0018,9085;CardiacSignalSource
0018,9087;DiffusionBValue
0018,9089;DiffusionGradientOrientation
0018,9090;VelocityEncodingDirection
0018,9091;VelocityEncodingMinimumValue
0018,9093;NumberOfKSpaceTrajectories
0018,9094;CoverageOfKSpace
0018,9095;SpectroscopyAcquisitionPhaseRows
0018,9096;ParallelReductFactorInPlaneRetired
0018,9098;TransmitterFrequency
0018,9100;ResonantNucleus
0018,9101;FrequencyCorrection
0018,9103;MRSpectroscopyFOV-GeometrySequence
0018,9104;SlabThickness
0018,9105;SlabOrientation
0018,9106;MidSlabPosition
0018,9107;MRSpatialSaturationSequence
0018,9112;MRTimingAndRelatedParametersSeq
0018,9114;MREchoSequence
0018,9115;MRModifierSequence
0018,9117;MRDiffusionSequence
0018,9118;CardiacTriggerSequence
0018,9119;MRAveragesSequence
0018,9125;MRFOV-GeometrySequence
0018,9126;VolumeLocalizationSequence
0018,9127;SpectroscopyAcquisitionDataColumns
0018,9147;DiffusionAnisotropyType
0018,9151;FrameReferenceDateTime
0018,9152;MRMetaboliteMapSequence
0018,9155;ParallelReductionFactorOutOfPlane
0018,9159;SpectroscopyOutOfPlanePhaseSteps
0018,9166;BulkMotionStatus
0018,9168;ParallelReductionFactSecondInPlane
0018,9169;CardiacBeatRejectionTechnique
0018,9170;RespiratoryMotionCompTechnique
0018,9171;RespiratorySignalSource
0018,9172;BulkMotionCompensationTechnique
0018,9173;BulkMotionSignalSource
0018,9174;ApplicableSafetyStandardAgency
0018,9175;ApplicableSafetyStandardDescr
0018,9176;OperatingModeSequence
0018,9177;OperatingModeType
0018,9178;OperatingMode
0018,9179;SpecificAbsorptionRateDefinition
0018,9180;GradientOutputType
0018,9181;SpecificAbsorptionRateValue
0018,9182;GradientOutput
0018,9183;FlowCompensationDirection
0018,9184;TaggingDelay
0018,9185;RespiratoryMotionCompTechDescr
0018,9186;RespiratorySignalSourceID
0018,9195;ChemicalShiftsMinIntegrateLimitHz
0018,9196;ChemicalShiftsMaxIntegrateLimitHz
0018,9197;MRVelocityEncodingSequence
0018,9198;FirstOrderPhaseCorrection
0018,9199;WaterReferencedPhaseCorrection
0018,9200;MRSpectroscopyAcquisitionType
0018,9214;RespiratoryCyclePosition
0018,9217;VelocityEncodingMaximumValue
0018,9218;TagSpacingSecondDimension
0018,9219;TagAngleSecondAxis
0018,9220;FrameAcquisitionDuration
0018,9226;MRImageFrameTypeSequence
0018,9227;MRSpectroscopyFrameTypeSequence
0018,9231;MRAcqPhaseEncodingStepsInPlane
0018,9232;MRAcqPhaseEncodingStepsOutOfPlane
0018,9234;SpectroscopyAcqPhaseColumns
0018,9236;CardiacCyclePosition
0018,9239;SpecificAbsorptionRateSequence
0018,9240;RFEchoTrainLength
0018,9241;GradientEchoTrainLength
0018,9295;ChemicalShiftsMinIntegrateLimitPPM
0018,9296;ChemicalShiftsMaxIntegrateLimitPPM
0018,9301;CTAcquisitionTypeSequence
0018,9302;AcquisitionType
0018,9303;TubeAngle
0018,9304;CTAcquisitionDetailsSequence
0018,9305;RevolutionTime
0018,9306;SingleCollimationWidth
0018,9307;TotalCollimationWidth
0018,9308;CTTableDynamicsSequence
0018,9309;TableSpeed
0018,9310;TableFeedPerRotation
0018,9311;SpiralPitchFactor
0018,9312;CTGeometrySequence
0018,9313;DataCollectionCenterPatient
0018,9314;CTReconstructionSequence
0018,9315;ReconstructionAlgorithm
0018,9316;ConvolutionKernelGroup
0018,9317;ReconstructionFieldOfView
0018,9318;ReconstructionTargetCenterPatient
0018,9319;ReconstructionAngle
0018,9320;ImageFilter
0018,9321;CTExposureSequence
0018,9322;ReconstructionPixelSpacing
0018,9323;ExposureModulationType
0018,9324;EstimatedDoseSaving
0018,9325;CTXRayDetailsSequence
0018,9326;CTPositionSequence
0018,9327;TablePosition
0018,9328;ExposureTimeInMilliSec
0018,9329;CTImageFrameTypeSequence
0018,9330;XRayTubeCurrentInMilliAmps
0018,9332;ExposureInMilliAmpSec
0018,9333;ConstantVolumeFlag
0018,9334;FluoroscopyFlag
0018,9335;SourceToDataCollectionCenterDist
0018,9337;ContrastBolusAgentNumber
0018,9338;ContrastBolusIngredientCodeSeq
0018,9340;ContrastAdministrationProfileSeq
0018,9341;ContrastBolusUsageSequence
0018,9342;ContrastBolusAgentAdministered
0018,9343;ContrastBolusAgentDetected
0018,9344;ContrastBolusAgentPhase
0018,9345;CTDIvol
0018,9346;CTDIPhantomTypeCodeSequence
0018,9351;CalciumScoringMassFactorPatient
0018,9352;CalciumScoringMassFactorDevice
0018,9353;EnergyWeightingFactor
0018,9360;CTAdditionalXRaySourceSequence
0018,9401;ProjectionPixelCalibrationSequence
0018,9402;DistanceSourceToIsocenter
0018,9403;DistanceObjectToTableTop
0018,9404;ObjectPixelSpacingInCenterOfBeam
0018,9405;PositionerPositionSequence
0018,9406;TablePositionSequence
0018,9407;CollimatorShapeSequence
0018,9412;XA-XRFFrameCharacteristicsSequence
0018,9417;FrameAcquisitionSequence
0018,9420;XRayReceptorType
0018,9423;AcquisitionProtocolName
0018,9424;AcquisitionProtocolDescription
0018,9425;ContrastBolusIngredientOpaque
0018,9426;DistanceReceptorPlaneToDetHousing
0018,9427;IntensifierActiveShape
0018,9428;IntensifierActiveDimensions
0018,9429;PhysicalDetectorSize
0018,9430;PositionOfIsocenterProjection
0018,9432;FieldOfViewSequence
0018,9433;FieldOfViewDescription
0018,9434;ExposureControlSensingRegionsSeq
0018,9435;ExposureControlSensingRegionShape
0018,9436;ExposureControlSensRegionLeftEdge
0018,9437;ExposureControlSensRegionRightEdge
0018,9440;CenterOfCircExposControlSensRegion
0018,9441;RadiusOfCircExposControlSensRegion
0018,9447;ColumnAngulationPatient
0018,9449;BeamAngle
0018,9451;FrameDetectorParametersSequence
0018,9452;CalculatedAnatomyThickness
0018,9455;CalibrationSequence
0018,9456;ObjectThicknessSequence
0018,9457;PlaneIdentification
0018,9461;FieldOfViewDimensionsInFloat
0018,9462;IsocenterReferenceSystemSequence
0018,9463;PositionerIsocenterPrimaryAngle
0018,9464;PositionerIsocenterSecondaryAngle
0018,9465;PositionerIsocenterDetRotAngle
0018,9466;TableXPositionToIsocenter
0018,9467;TableYPositionToIsocenter
0018,9468;TableZPositionToIsocenter
0018,9469;TableHorizontalRotationAngle
0018,9470;TableHeadTiltAngle
0018,9471;TableCradleTiltAngle
0018,9472;FrameDisplayShutterSequence
0018,9473;AcquiredImageAreaDoseProduct
0018,9474;CArmPositionerTabletopRelationship
0018,9476;XRayGeometrySequence
0018,9477;IrradiationEventIDSequence
0018,9504;XRay3DFrameTypeSequence
0018,9506;ContributingSourcesSequence
0018,9507;XRay3DAcquisitionSequence
0018,9508;PrimaryPositionerScanArc
0018,9509;SecondaryPositionerScanArc
0018,9510;PrimaryPositionerScanStartAngle
0018,9511;SecondaryPositionerScanStartAngle
0018,9514;PrimaryPositionerIncrement
0018,9515;SecondaryPositionerIncrement
0018,9516;StartAcquisitionDateTime
0018,9517;EndAcquisitionDateTime
0018,9524;ApplicationName
0018,9525;ApplicationVersion
0018,9526;ApplicationManufacturer
0018,9527;AlgorithmType
0018,9528;AlgorithmDescription
0018,9530;XRay3DReconstructionSequence
0018,9531;ReconstructionDescription
0018,9538;PerProjectionAcquisitionSequence
0018,9601;DiffusionBMatrixSequence
0018,9602;DiffusionBValueXX
0018,9603;DiffusionBValueXY
0018,9604;DiffusionBValueXZ
0018,9605;DiffusionBValueYY
0018,9606;DiffusionBValueYZ
0018,9607;DiffusionBValueZZ
0018,9701;DecayCorrectionDateTime
0018,9715;StartDensityThreshold
0018,9722;TerminationTimeThreshold
0018,9725;DetectorGeometry
0018,9727;AxialDetectorDimension
0018,9735;PETPositionSequence
0018,9739;NumberOfIterations
0018,9740;NumberOfSubsets
0018,9751;PETFrameTypeSequence
0018,9756;ReconstructionType
0018,9758;DecayCorrected
0018,9759;AttenuationCorrected
0018,9760;ScatterCorrected
0018,9761;DeadTimeCorrected
0018,9762;GantryMotionCorrected
0018,9763;PatientMotionCorrected
0018,9765;RandomsCorrected
0018,9767;SensitivityCalibrated
0018,9801;DepthsOfFocus
0018,9804;ExclusionStartDatetime
0018,9805;ExclusionDuration
0018,9807;ImageDataTypeSequence
0018,9808;DataType
0018,980B;AliasedDataType
0018,A001;ContributingEquipmentSequence
0018,A002;ContributionDateTime
0018,A003;ContributionDescription
0019,1002;NumberOfCellsIInDetector
0019,1003;CellNumberAtTheta
0019,1004;CellSpacing
0019,100F;HorizFrameOfRef
0019,1011;SeriesContrast
0019,1012;LastPseq
0019,1013;StartNumberForBaseline
0019,1014;EndNumberForBaseline
0019,1015;StartNumberForEnhancedScans
0019,1016;EndNumberForEnhancedScans
0019,1017;SeriesPlane
0019,1018;FirstScanRas
0019,1019;FirstScanLocation
0019,101A;LastScanRas
0019,101B;LastScanLoc
0019,101E;DisplayFieldOfView
0019,1023;TableSpeed
0019,1024;MidScanTime
0019,1025;MidScanFlag
0019,1026;DegreesOfAzimuth
0019,1027;GantryPeriod
0019,102A;XRayOnPosition
0019,102B;XRayOffPosition
0019,102C;NumberOfTriggers
0019,102E;AngleOfFirstView
0019,102F;TriggerFrequency
0019,1039;ScanFOVType
0019,1040;StatReconFlag
0019,1041;ComputeType
0019,1042;SegmentNumber
0019,1043;TotalSegmentsRequested
0019,1044;InterscanDelay
0019,1047;ViewCompressionFactor
0019,104A;TotalNoOfRefChannels
0019,104B;DataSizeForScanData
0019,1052;ReconPostProcflag
0019,1057;CTWaterNumber
0019,1058;CTBoneNumber
0019,105A;AcquisitionDuration
0019,105E;NumberOfChannels
0019,105F;IncrementBetweenChannels
0019,1060;StartingView
0019,1061;NumberOfViews
0019,1062;IncrementBetweenViews
0019,106A;DependantOnNoViewsProcessed
0019,106B;FieldOfViewInDetectorCells
0019,1070;ValueOfBackProjectionButton
0019,1071;SetIfFatqEstimatesWereUsed
0019,1072;ZChanAvgOverViews
0019,1073;AvgOfLeftRefChansOverViews
0019,1074;MaxLeftChanOverViews
0019,1075;AvgOfRightRefChansOverViews
0019,1076;MaxRightChanOverViews
0019,107D;SecondEcho
0019,107E;NumberOfEchoes
0019,107F;TableDelta
0019,1081;Contiguous
0019,1084;PeakSAR
0019,1085;MonitorSAR
0019,1087;CardiacRepetitionTime
0019,1088;ImagesPerCardiacCycle
0019,108A;ActualReceiveGainAnalog
0019,108B;ActualReceiveGainDigital
0019,108D;DelayAfterTrigger
0019,108F;Swappf
0019,1090;PauseInterval
0019,1091;PulseTime
0019,1092;SliceOffsetOnFreqAxis
0019,1093;CenterFrequency
0019,1094;TransmitGain
0019,1095;AnalogReceiverGain
0019,1096;DigitalReceiverGain
0019,1097;BitmapDefiningCVs
0019,1098;CenterFreqMethod
0019,109B;PulseSeqMode
0019,109C;PulseSeqName
0019,109D;PulseSeqDate
0019,109E;InternalPulseSeqName
0019,109F;TransmittingCoil
0019,10A0;SurfaceCoilType
0019,10A1;ExtremityCoilFlag
0019,10A2;RawDataRunNumber
0019,10A3;CalibratedFieldStrength
0019,10A4;SATFatWaterBone
0019,10A5;ReceiveBandwidth
0019,10A7;UserData01
0019,10A8;UserData02
0019,10A9;UserData03
0019,10AA;UserData04
0019,10AB;UserData05
0019,10AC;UserData06
0019,10AD;UserData07
0019,10AE;UserData08
0019,10AF;UserData09
0019,10B0;UserData10
0019,10B1;UserData11
0019,10B2;UserData12
0019,10B3;UserData13
0019,10B4;UserData14
0019,10B5;UserData15
0019,10B6;UserData16
0019,10B7;UserData17
0019,10B8;UserData18
0019,10B9;UserData19
0019,10BA;UserData20
0019,10BB;UserData21
0019,10BC;UserData22
0019,10BD;UserData23
0019,10BE;ProjectionAngle
0019,10C0;SaturationPlanes
0019,10C1;SurfaceCoilIntensity
0019,10C2;SATLocationR
0019,10C3;SATLocationL
0019,10C4;SATLocationA
0019,10C5;SATLocationP
0019,10C6;SATLocationH
0019,10C7;SATLocationF
0019,10C8;SATThicknessR-L
0019,10C9;SATThicknessA-P
0019,10CA;SATThicknessH-F
0019,10CB;PrescribedFlowAxis
0019,10CC;VelocityEncoding
0019,10CD;ThicknessDisclaimer
0019,10CE;PrescanType
0019,10CF;PrescanStatus
0019,10D0;RawDataType
0019,10D2;ProjectionAlgorithm
0019,10D3;ProjectionAlgorithm
0019,10D5;FractionalEcho
0019,10D6;PrepPulse
0019,10D7;CardiacPhases
0019,10D8;VariableEchoflag
0019,10D9;ConcatenatedSAT
0019,10DA;ReferenceChannelUsed
0019,10DB;BackProjectorCoefficient
0019,10DC;PrimarySpeedCorrectionUsed
0019,10DD;OverrangeCorrectionUsed
0019,10DE;DynamicZAlphaValue
0019,10DF;UserData
0019,10E0;UserData
0019,10E2;VelocityEncodeScale
0019,10F2;FastPhases
0019,10F9;TransmissionGain
0020,0000;RelationshipGroupLength
0020,000D;StudyInstanceUID
0020,000E;SeriesInstanceUID
0020,0010;StudyID
0020,0011;SeriesNumber
0020,0012;AcquisitionNumber
0020,0013;InstanceNumber
0020,0014;IsotopeNumber
0020,0015;PhaseNumber
0020,0016;IntervalNumber
0020,0017;TimeSlotNumber
0020,0018;AngleNumber
0020,0019;ItemNumber
0020,0020;PatientOrientation
0020,0022;OverlayNumber
0020,0024;CurveNumber
0020,0026;LookupTableNumber
0020,0030;ImagePosition
0020,0032;ImagePositionPatient
0020,0035;ImageOrientation
0020,0037;ImageOrientationPatient
0020,0050;Location
0020,0052;FrameOfReferenceUID
0020,0060;Laterality
0020,0062;ImageLaterality
0020,0070;ImageGeometryType
0020,0080;MaskingImage
0020,0100;TemporalPositionIdentifier
0020,0105;NumberOfTemporalPositions
0020,0110;TemporalResolution
0020,0200;SynchronizationFrameOfReferenceUID
0020,1000;SeriesInStudy
0020,1001;AcquisitionsInSeries
0020,1002;ImagesInAcquisition
0020,1003;ImagesInSeries
0020,1004;AcquisitionsInStudy
0020,1005;ImagesInStudy
0020,1020;Reference
0020,1040;PositionReferenceIndicator
0020,1041;SliceLocation
0020,1070;OtherStudyNumbers
0020,1200;NumberOfPatientRelatedStudies
0020,1202;NumberOfPatientRelatedSeries
0020,1204;NumberOfPatientRelatedInstances
0020,1206;NumberOfStudyRelatedSeries
0020,1208;NumberOfStudyRelatedInstances
0020,1209;NumberOfSeriesRelatedInstances
0020,31xx;SourceImageIDs
0020,3401;ModifyingDeviceID
0020,3402;ModifiedImageID
0020,3403;ModifiedImageDate
0020,3404;ModifyingDeviceManufacturer
0020,3405;ModifiedImageTime
0020,3406;ModifiedImageDescription
0020,4000;ImageComments
0020,5000;OriginalImageIdentification
0020,5002;OriginalImageIdentNomenclature
0020,9056;StackID
0020,9057;InStackPositionNumber
0020,9071;FrameAnatomySequence
0020,9072;FrameLaterality
0020,9111;FrameContentSequence
0020,9113;PlanePositionSequence
0020,9116;PlaneOrientationSequence
0020,9128;TemporalPositionIndex
0020,9153;TriggerDelayTime
0020,9156;FrameAcquisitionNumber
0020,9157;DimensionIndexValues
0020,9158;FrameComments
0020,9161;ConcatenationUID
0020,9162;InConcatenationNumber
0020,9163;InConcatenationTotalNumber
0020,9164;DimensionOrganizationUID
0020,9165;DimensionIndexPointer
0020,9167;FunctionalGroupPointer
0020,9213;DimensionIndexPrivateCreator
0020,9221;DimensionOrganizationSequence
0020,9222;DimensionIndexSequence
0020,9228;ConcatenationFrameOffsetNumber
0020,9238;FunctionalGroupPrivateCreator
0020,9241;NominalPercentageOfCardiacPhase
0020,9245;NominalPercentOfRespiratoryPhase
0020,9246;StartingRespiratoryAmplitude
0020,9247;StartingRespiratoryPhase
0020,9248;EndingRespiratoryAmplitude
0020,9249;EndingRespiratoryPhase
0020,9250;RespiratoryTriggerType
0020,9251;RRIntervalTimeNominal
0020,9252;ActualCardiacTriggerDelayTime
0020,9253;RespiratorySynchronizationSequence
0020,9254;RespiratoryIntervalTime
0020,9255;NominalRespiratoryTriggerDelayTime
0020,9256;RespiratoryTriggerDelayThreshold
0020,9257;ActualRespiratoryTriggerDelayTime
0020,9301;ImagePositionVolume
0020,9302;ImageOrientationVolume
0020,9308;ApexPosition
0020,9421;DimensionDescriptionLabel
0020,9450;PatientOrientationInFrameSequence
0020,9453;FrameLabel
0020,9518;AcquisitionIndex
0020,9529;ContributingSOPInstancesRefSeq
0020,9536;ReconstructionIndex
0021,1003;SeriesFromWhichPrescribed
0021,1005;GenesisVersionNow
0021,1007;SeriesRecordChecksum
0021,1018;GenesisVersionNow
0021,1019;AcqreconRecordChecksum
0021,1020;TableStartLocation
0021,1035;SeriesFromWhichPrescribed
0021,1036;ImageFromWhichPrescribed
0021,1037;ScreenFormat
0021,104A;AnatomicalReferenceForScout
0021,104F;LocationsInAcquisition
0021,1050;GraphicallyPrescribed
0021,1051;RotationFromSourceXRot
0021,1052;RotationFromSourceYRot
0021,1053;RotationFromSourceZRot
0021,1054;ImagePosition
0021,1055;ImageOrientation
0021,1056;IntegerSlop
0021,1057;IntegerSlop
0021,1058;IntegerSlop
0021,1059;IntegerSlop
0021,105A;IntegerSlop
0021,105B;FloatSlop
0021,105C;FloatSlop
0021,105D;FloatSlop
0021,105E;FloatSlop
0021,105F;FloatSlop
0021,1081;AutoWindowLevelAlpha
0021,1082;AutoWindowLevelBeta
0021,1083;AutoWindowLevelWindow
0021,1084;ToWindowLevelLevel
0021,1090;TubeFocalSpotPosition
0021,1091;BiopsyPosition
0021,1092;BiopsyTLocation
0021,1093;BiopsyRefLocation
0022,0001;LightPathFilterPassThroughWavelen
0022,0002;LightPathFilterPassBand
0022,0003;ImagePathFilterPassThroughWavelen
0022,0004;ImagePathFilterPassBand
0022,0005;PatientEyeMovementCommanded
0022,0006;PatientEyeMovementCommandCodeSeq
0022,0007;SphericalLensPower
0022,0008;CylinderLensPower
0022,0009;CylinderAxis
0022,000A;EmmetropicMagnification
0022,000B;IntraOcularPressure
0022,000C;HorizontalFieldOfView
0022,000D;PupilDilated
0022,000E;DegreeOfDilation
0022,0010;StereoBaselineAngle
0022,0011;StereoBaselineDisplacement
0022,0012;StereoHorizontalPixelOffset
0022,0013;StereoVerticalPixelOffset
0022,0014;StereoRotation
0022,0015;AcquisitionDeviceTypeCodeSequence
0022,0016;IlluminationTypeCodeSequence
0022,0017;LightPathFilterTypeStackCodeSeq
0022,0018;ImagePathFilterTypeStackCodeSeq
0022,0019;LensesCodeSequence
0022,001A;ChannelDescriptionCodeSequence
0022,001B;RefractiveStateSequence
0022,001C;MydriaticAgentCodeSequence
0022,001D;RelativeImagePositionCodeSequence
0022,0020;StereoPairsSequence
0022,0021;LeftImageSequence
0022,0022;RightImageSequence
0022,0030;AxialLengthOfTheEye
0022,0031;OphthalmicFrameLocationSequence
0022,0032;ReferenceCoordinates
0022,0035;DepthSpatialResolution
0022,0036;MaximumDepthDistortion
0022,0037;AlongScanSpatialResolution
0022,0038;MaximumAlongScanDistortion
0022,0039;OphthalmicImageOrientation
0022,0041;DepthOfTransverseImage
0022,0042;MydriaticAgentConcUnitsSeq
0022,0048;AcrossScanSpatialResolution
0022,0049;MaximumAcrossScanDistortion
0022,004E;MydriaticAgentConcentration
0022,0055;IlluminationWaveLength
0022,0056;IlluminationPower
0022,0057;IlluminationBandwidth
0022,0058;MydriaticAgentSequence
0023,1001;NumberOfSeriesInStudy
0023,1002;NumberOfUnarchivedSeries
0023,1010;ReferenceImageField
0023,1050;SummaryImage
0023,1070;StartTimeSecsInFirstAxial
0023,1074;NoofUpdatesToHeader
0023,107D;IndicatesIfTheStudyHasCompleteInfo
0025,1006;LastPulseSequenceUsed
0025,1007;ImagesInSeries
0025,1010;LandmarkCounter
0025,1011;NumberOfAcquisitions
0025,1014;IndicatesNoofUpdatesToHeader
0025,1017;SeriesCompleteFlag
0025,1018;NumberOfImagesArchived
0025,1019;LastImageNumberUsed
0025,101A;PrimaryReceiverSuiteAndHost
0027,1006;ImageArchiveFlag
0027,1010;ScoutType
0027,101C;VmaMamp
0027,101D;VmaPhase
0027,101E;VmaMod
0027,101F;VmaClip
0027,1020;SmartScanOnOffFlag
0027,1030;ForeignImageRevision
0027,1031;ImagingMode
0027,1032;PulseSequence
0027,1033;ImagingOptions
0027,1035;PlaneType
0027,1036;ObliquePlane
0027,1040;RASLetterOfImageLocation
0027,1041;ImageLocation
0027,1042;CenterRCoordOfPlaneImage
0027,1043;CenterACoordOfPlaneImage
0027,1044;CenterSCoordOfPlaneImage
0027,1045;NormalRCoord
0027,1046;NormalACoord
0027,1047;NormalSCoord
0027,1048;RCoordOfTopRightCorner
0027,1049;ACoordOfTopRightCorner
0027,104A;SCoordOfTopRightCorner
0027,104B;RCoordOfBottomRightCorner
0027,104C;ACoordOfBottomRightCorner
0027,104D;SCoordOfBottomRightCorner
0027,1050;TableStartLocation
0027,1051;TableEndLocation
0027,1052;RASLetterForSideOfImage
0027,1053;RASLetterForAnteriorPosterior
0027,1054;RASLetterForScoutStartLoc
0027,1055;RASLetterForScoutEndLoc
0027,1060;ImageDimensionX
0027,1061;ImageDimensionY
0027,1062;NumberOfExcitations
0028,0000;ImagePresentationGroupLength
0028,0002;SamplesPerPixel
0028,0003;SamplesPerPixelUsed
0028,0004;PhotometricInterpretation
0028,0005;ImageDimensions
0028,0006;PlanarConfiguration
0028,0008;NumberOfFrames
0028,0009;FrameIncrementPointer
0028,000A;FrameDimensionPointer
0028,0010;Rows
0028,0011;Columns
0028,0012;Planes
0028,0014;UltrasoundColorDataPresent
0028,0030;PixelSpacing
0028,0031;ZoomFactor
0028,0032;ZoomCenter
0028,0034;PixelAspectRatio
0028,0040;ImageFormat
0028,0050;ManipulatedImage
0028,0051;CorrectedImage
0028,005F;CompressionRecognitionCode
0028,0060;CompressionCode
0028,0061;CompressionOriginator
0028,0062;CompressionLabel
0028,0063;CompressionDescription
0028,0065;CompressionSequence
0028,0066;CompressionStepPointers
0028,0068;RepeatInterval
0028,0069;BitsGrouped
0028,0070;PerimeterTable
0028,0071;PerimeterValue
0028,0080;PredictorRows
0028,0081;PredictorColumns
0028,0082;PredictorConstants
0028,0090;BlockedPixels
0028,0091;BlockRows
0028,0092;BlockColumns
0028,0093;RowOverlap
0028,0094;ColumnOverlap
0028,0100;BitsAllocated
0028,0101;BitsStored
0028,0102;HighBit
0028,0103;PixelRepresentation
0028,0104;SmallestValidPixelValue
0028,0105;LargestValidPixelValue
0028,0106;SmallestImagePixelValue
0028,0107;LargestImagePixelValue
0028,0108;SmallestPixelValueInSeries
0028,0109;LargestPixelValueInSeries
0028,0110;SmallestImagePixelValueInPlane
0028,0111;LargestImagePixelValueInPlane
0028,0120;PixelPaddingValue
0028,0121;PixelPaddingRangeLimit
0028,0200;ImageLocation
0028,0300;QualityControlImage
0028,0301;BurnedInAnnotation
0028,0400;TransformLabel
0028,0401;TransformVersionNumber
0028,0402;NumberOfTransformSteps
0028,0403;SequenceOfCompressedData
0028,0404;DetailsOfCoefficients
0028,04x2;CoefficientCoding
0028,04x3;CoefficientCodingPointers
0028,0700;DCTLabel
0028,0701;DataBlockDescription
0028,0702;DataBlock
0028,0710;NormalizationFactorFormat
0028,0720;ZonalMapNumberFormat
0028,0721;ZonalMapLocation
0028,0722;ZonalMapFormat
0028,0730;AdaptiveMapFormat
0028,0740;CodeNumberFormat
0028,08x0;CodeLabel
0028,08x2;NumberOfTables
0028,08x3;CodeTableLocation
0028,08x4;BitsForCodeWord
0028,08x8;ImageDataLocation
0028,0A02;PixelSpacingCalibrationType
0028,0A04;PixelSpacingCalibrationDescription
0028,1040;PixelIntensityRelationship
0028,1041;PixelIntensityRelationshipSign
0028,1050;WindowCenter
0028,1051;WindowWidth
0028,1052;RescaleIntercept
0028,1053;RescaleSlope
0028,1054;RescaleType
0028,1055;WindowCenterAndWidthExplanation
0028,1056;VOI_LUTFunction
0028,1080;GrayScale
0028,1090;RecommendedViewingMode
0028,1100;GrayLookupTableDescriptor
0028,1101;RedPaletteColorTableDescriptor
0028,1102;GreenPaletteColorTableDescriptor
0028,1103;BluePaletteColorTableDescriptor
0028,1111;LargeRedPaletteColorTableDescr
0028,1112;LargeGreenPaletteColorTableDescr
0028,1113;LargeBluePaletteColorTableDescr
0028,1199;PaletteColorTableUID
0028,1200;GrayLookupTableData
0028,1201;RedPaletteColorTableData
0028,1202;GreenPaletteColorTableData
0028,1203;BluePaletteColorTableData
0028,1211;LargeRedPaletteColorTableData
0028,1212;LargeGreenPaletteColorTableData
0028,1213;LargeBluePaletteColorTableData
0028,1214;LargePaletteColorLookupTableUID
0028,1221;SegmentedRedColorTableData
0028,1222;SegmentedGreenColorTableData
0028,1223;SegmentedBlueColorTableData
0028,1300;BreastImplantPresent
0028,1350;PartialView
0028,1351;PartialViewDescription
0028,1352;PartialViewCodeSequence
0028,135A;SpatialLocationsPreserved
0028,1402;DataPathAssignment
0028,1404;BlendingLUT1Sequence
0028,1406;BlendingWeightConstant
0028,1408;BlendingLookupTableData
0028,140C;BlendingLUT2Sequence
0028,140E;DataPathID
0028,140F;RGBLUTTransferFunction
0028,1410;AlphaLUTTransferFunction
0028,2000;ICCProfile
0028,2110;LossyImageCompression
0028,2112;LossyImageCompressionRatio
0028,2114;LossyImageCompressionMethod
0028,3000;ModalityLUTSequence
0028,3002;LUTDescriptor
0028,3003;LUTExplanation
0028,3004;ModalityLUTType
0028,3006;LUTData
0028,3010;VOILUTSequence
0028,3110;SoftcopyVOILUTSequence
0028,4000;ImagePresentationComments
0028,5000;BiPlaneAcquisitionSequence
0028,6010;RepresentativeFrameNumber
0028,6020;FrameNumbersOfInterest
0028,6022;FrameOfInterestDescription
0028,6023;FrameOfInterestType
0028,6030;MaskPointers
0028,6040;RWavePointer
0028,6100;MaskSubtractionSequence
0028,6101;MaskOperation
0028,6102;ApplicableFrameRange
0028,6110;MaskFrameNumbers
0028,6112;ContrastFrameAveraging
0028,6114;MaskSubPixelShift
0028,6120;TIDOffset
0028,6190;MaskOperationExplanation
0028,7FE0;PixelDataProviderURL
0028,9001;DataPointRows
0028,9002;DataPointColumns
0028,9003;SignalDomainColumns
0028,9099;LargestMonochromePixelValue
0028,9108;DataRepresentation
0028,9110;PixelMeasuresSequence
0028,9132;FrameVOILUTSequence
0028,9145;PixelValueTransformationSequence
0028,9235;SignalDomainRows
0028,9411;DisplayFilterPercentage
0028,9415;FramePixelShiftSequence
0028,9416;SubtractionItemID
0028,9422;PixelIntensityRelationshipLUTSeq
0028,9443;FramePixelDataPropertiesSequence
0028,9444;GeometricalProperties
0028,9445;GeometricMaximumDistortion
0028,9446;ImageProcessingApplied
0028,9454;MaskSelectionMode
0028,9474;LUTFunction
0028,9478;MaskVisibilityPercentage
0028,9501;PixelShiftSequence
0028,9502;RegionPixelShiftSequence
0028,9503;VerticesOfTheRegion
0028,9506;PixelShiftFrameRange
0028,9507;LUTFrameRange
0028,9520;ImageToEquipmentMappingMatrix
0028,9537;EquipmentCoordinateSystemID
0029,1004;LowerRangeOfPixels1a
0029,1005;LowerRangeOfPixels1b
0029,1006;LowerRangeOfPixels1c
0029,1007;LowerRangeOfPixels1d
0029,1008;LowerRangeOfPixels1e
0029,1009;LowerRangeOfPixels1f
0029,100A;LowerRangeOfPixels1g
0029,1015;LowerRangeOfPixels1h
0029,1016;LowerRangeOfPixels1i
0029,1017;LowerRangeOfPixels2
0029,1018;UpperRangeOfPixels2
0029,101A;LenOfTotHdrInBytes
0029,1026;VersionOfTheHdrStruct
0029,1034;AdvantageCompOverflow
0029,1035;AdvantageCompUnderflow
0032,0000;StudyGroupLength
0032,000A;StudyStatusID
0032,000C;StudyPriorityID
0032,0012;StudyIDIssuer
0032,0032;StudyVerifiedDate
0032,0033;StudyVerifiedTime
0032,0034;StudyReadDate
0032,0035;StudyReadTime
0032,1000;ScheduledStudyStartDate
0032,1001;ScheduledStudyStartTime
0032,1010;ScheduledStudyStopDate
0032,1011;ScheduledStudyStopTime
0032,1020;ScheduledStudyLocation
0032,1021;ScheduledStudyLocationAETitle
0032,1030;ReasonForStudy
0032,1031;RequestingPhysicianIDSequence
0032,1032;RequestingPhysician
0032,1033;RequestingService
0032,1040;StudyArrivalDate
0032,1041;StudyArrivalTime
0032,1050;StudyCompletionDate
0032,1051;StudyCompletionTime
0032,1055;StudyComponentStatusID
0032,1060;RequestedProcedureDescription
0032,1064;RequestedProcedureCodeSequence
0032,1070;RequestedContrastAgent
0032,4000;StudyComments
0038,0004;ReferencedPatientAliasSequence
0038,0008;VisitStatusID
0038,0010;AdmissionID
0038,0011;IssuerOfAdmissionID
0038,0016;RouteOfAdmissions
0038,001A;ScheduledAdmissionDate
0038,001B;ScheduledAdmissionTime
0038,001C;ScheduledDischargeDate
0038,001D;ScheduledDischargeTime
0038,001E;ScheduledPatientInstitResidence
0038,0020;AdmittingDate
0038,0021;AdmittingTime
0038,0030;DischargeDate
0038,0032;DischargeTime
0038,0040;DischargeDiagnosisDescription
0038,0044;DischargeDiagnosisCodeSequence
0038,0050;SpecialNeeds
0038,0060;ServiceEpisodeID
0038,0061;IssuerOfServiceEpisodeID
0038,0062;ServiceEpisodeDescription
0038,0100;PertinentDocumentsSequence
0038,0300;CurrentPatientLocation
0038,0400;PatientInstitutionResidence
0038,0500;PatientState
0038,0502;PatientClinicalTrialParticipSeq
0038,4000;VisitComments
003A,0004;WaveformOriginality
003A,0005;NumberOfWaveformChannels
003A,0010;NumberOfWaveformSamples
003A,001A;SamplingFrequency
003A,0020;MultiplexGroupLabel
003A,0200;ChannelDefinitionSequence
003A,0202;WaveformChannelNumber
003A,0203;ChannelLabel
003A,0205;ChannelStatus
003A,0208;ChannelSourceSequence
003A,0209;ChannelSourceModifiersSequence
003A,020A;SourceWaveformSequence
003A,020C;ChannelDerivationDescription
003A,0210;ChannelSensitivity
003A,0211;ChannelSensitivityUnitsSequence
003A,0212;ChannelSensitivityCorrectionFactor
003A,0213;ChannelBaseline
003A,0214;ChannelTimeSkew
003A,0215;ChannelSampleSkew
003A,0218;ChannelOffset
003A,021A;WaveformBitsStored
003A,0220;FilterLowFrequency
003A,0221;FilterHighFrequency
003A,0222;NotchFilterFrequency
003A,0223;NotchFilterBandwidth
003A,0230;WaveformDataDisplayScale
003A,0231;WaveformDisplayBkgCIELabValue
003A,0240;WaveformPresentationGroupSequence
003A,0241;PresentationGroupNumber
003A,0242;ChannelDisplaySequence
003A,0244;ChannelRecommendDisplayCIELabValue
003A,0245;ChannelPosition
003A,0246;DisplayShadingFlag
003A,0247;FractionalChannelDisplayScale
003A,0248;AbsoluteChannelDisplayScale
003A,0300;MultiplexAudioChannelsDescrCodeSeq
003A,0301;ChannelIdentificationCode
003A,0302;ChannelMode
0040,0001;ScheduledStationAETitle
0040,0002;ScheduledProcedureStepStartDate
0040,0003;ScheduledProcedureStepStartTime
0040,0004;ScheduledProcedureStepEndDate
0040,0005;ScheduledProcedureStepEndTime
0040,0006;ScheduledPerformingPhysiciansName
0040,0007;ScheduledProcedureStepDescription
0040,0008;ScheduledProtocolCodeSequence
0040,0009;ScheduledProcedureStepID
0040,000A;StageCodeSequence
0040,000B;ScheduledPerformingPhysicianIDSeq
0040,0010;ScheduledStationName
0040,0011;ScheduledProcedureStepLocation
0040,0012;PreMedication
0040,0020;ScheduledProcedureStepStatus
0040,0031;LocalNamespaceEntityID
0040,0032;UniversalEntityID
0040,0033;UniversalEntityIDType
0040,0035;IdentifierTypeCode
0040,0036;AssigningFacilitySequence
0040,0100;ScheduledProcedureStepSequence
0040,0220;ReferencedNonImageCompositeSOPSeq
0040,0241;PerformedStationAETitle
0040,0242;PerformedStationName
0040,0243;PerformedLocation
0040,0244;PerformedProcedureStepStartDate
0040,0245;PerformedProcedureStepStartTime
0040,0250;PerformedProcedureStepEndDate
0040,0251;PerformedProcedureStepEndTime
0040,0252;PerformedProcedureStepStatus
0040,0253;PerformedProcedureStepID
0040,0254;PerformedProcedureStepDescription
0040,0255;PerformedProcedureTypeDescription
0040,0260;PerformedProtocolCodeSequence
0040,0261;PerformedProtocolType
0040,0270;ScheduledStepAttributesSequence
0040,0275;RequestAttributesSequence
0040,0280;CommentsOnPerformedProcedureStep
0040,0281;ProcStepDiscontinueReasonCodeSeq
0040,0293;QuantitySequence
0040,0294;Quantity
0040,0295;MeasuringUnitsSequence
0040,0296;BillingItemSequence
0040,0300;TotalTimeOfFluoroscopy
0040,0301;TotalNumberOfExposures
0040,0302;EntranceDose
0040,0303;ExposedArea
0040,0306;DistanceSourceToEntrance
0040,0307;DistanceSourceToSupport
0040,030E;ExposureDoseSequence
0040,0310;CommentsOnRadiationDose
0040,0312;XRayOutput
0040,0314;HalfValueLayer
0040,0316;OrganDose
0040,0318;OrganExposed
0040,0320;BillingProcedureStepSequence
0040,0321;FilmConsumptionSequence
0040,0324;BillingSuppliesAndDevicesSequence
0040,0330;ReferencedProcedureStepSequence
0040,0340;PerformedSeriesSequence
0040,0400;CommentsOnScheduledProcedureStep
0040,0440;ProtocolContextSequence
0040,0441;ContentItemModifierSequence
0040,050A;SpecimenAccessionNumber
0040,0512;ContainerIdentifier
0040,051A;ContainerDescription
0040,0550;SpecimenSequence
0040,0551;SpecimenIdentifier
0040,0552;SpecimenDescriptionSequenceTrial
0040,0553;SpecimenDescriptionTrial
0040,0554;SpecimenUID
0040,0555;AcquisitionContextSequence
0040,0556;AcquisitionContextDescription
0040,059A;SpecimenTypeCodeSequence
0040,0600;SpecimenShortDescription
0040,06FA;SlideIdentifier
0040,071A;ImageCenterPointCoordinatesSeq
0040,072A;XOffsetInSlideCoordinateSystem
0040,073A;YOffsetInSlideCoordinateSystem
0040,074A;ZOffsetInSlideCoordinateSystem
0040,08D8;PixelSpacingSequence
0040,08DA;CoordinateSystemAxisCodeSequence
0040,08EA;MeasurementUnitsCodeSequence
0040,09F8;VitalStainCodeSequenceTrial
0040,1001;RequestedProcedureID
0040,1002;ReasonForRequestedProcedure
0040,1003;RequestedProcedurePriority
0040,1004;PatientTransportArrangements
0040,1005;RequestedProcedureLocation
0040,1006;PlacerOrderNumber-Procedure
0040,1007;FillerOrderNumber-Procedure
0040,1008;ConfidentialityCode
0040,1009;ReportingPriority
0040,100A;ReasonForRequestedProcedureCodeSeq
0040,1010;NamesOfIntendedRecipientsOfResults
0040,1011;IntendedRecipientsOfResultsIDSeq
0040,1101;PersonIdentificationCodeSequence
0040,1102;PersonAddress
0040,1103;PersonTelephoneNumbers
0040,1400;RequestedProcedureComments
0040,2001;ReasonForImagingServiceRequest
0040,2004;IssueDateOfImagingServiceRequest
0040,2005;IssueTimeOfImagingServiceRequest
0040,2006;PlacerOrderNum-ImagingServiceReq
0040,2007;FillerOrderNum-ImagingServiceReq
0040,2008;OrderEnteredBy
0040,2009;OrderEntererLocation
0040,2010;OrderCallbackPhoneNumber
0040,2016;PlacerOrderNum-ImagingServiceReq
0040,2017;FillerOrderNum-ImagingServiceReq
0040,2400;ImagingServiceRequestComments
0040,3001;ConfidentialityOnPatientDataDescr
0040,4001;GenPurposeScheduledProcStepStatus
0040,4002;GenPurposePerformedProcStepStatus
0040,4003;GenPurposeSchedProcStepPriority
0040,4004;SchedProcessingApplicationsCodeSeq
0040,4005;SchedProcedureStepStartDateAndTime
0040,4006;MultipleCopiesFlag
0040,4007;PerformedProcessingAppsCodeSeq
0040,4009;HumanPerformerCodeSequence
0040,4010;SchedProcStepModificationDateTime
0040,4011;ExpectedCompletionDateAndTime
0040,4015;ResultingGenPurposePerfProcStepSeq
0040,4016;RefGenPurposeSchedProcStepSeq
0040,4018;ScheduledWorkitemCodeSequence
0040,4019;PerformedWorkitemCodeSequence
0040,4020;InputAvailabilityFlag
0040,4021;InputInformationSequence
0040,4022;RelevantInformationSequence
0040,4023;RefGenPurSchedProcStepTransUID
0040,4025;ScheduledStationNameCodeSequence
0040,4026;ScheduledStationClassCodeSequence
0040,4027;SchedStationGeographicLocCodeSeq
0040,4028;PerformedStationNameCodeSequence
0040,4029;PerformedStationClassCodeSequence
0040,4030;PerformedStationGeogLocCodeSeq
0040,4031;RequestedSubsequentWorkItemCodeSeq
0040,4032;NonDICOMOutputCodeSequence
0040,4033;OutputInformationSequence
0040,4034;ScheduledHumanPerformersSequence
0040,4035;ActualHumanPerformersSequence
0040,4036;HumanPerformersOrganization
0040,4037;HumanPerformerName
0040,4040;RawDataHandling
0040,8302;EntranceDoseInMilliGy
0040,9094;RefImageRealWorldValueMappingSeq
0040,9096;RealWorldValueMappingSequence
0040,9098;PixelValueMappingCodeSequence
0040,9210;LUTLabel
0040,9211;RealWorldValueLastValueMapped
0040,9212;RealWorldValueLUTData
0040,9216;RealWorldValueFirstValueMapped
0040,9224;RealWorldValueIntercept
0040,9225;RealWorldValueSlope
0040,A010;RelationshipType
0040,A027;VerifyingOrganization
0040,A030;VerificationDateTime
0040,A032;ObservationDateTime
0040,A040;ValueType
0040,A043;ConceptNameCodeSequence
0040,A050;ContinuityOfContent
0040,A073;VerifyingObserverSequence
0040,A075;VerifyingObserverName
0040,A078;AuthorObserverSequence
0040,A07A;ParticipantSequence
0040,A07C;CustodialOrganizationSequence
0040,A080;ParticipationType
0040,A082;ParticipationDateTime
0040,A084;ObserverType
0040,A088;VerifyingObserverIdentCodeSequence
0040,A090;EquivalentCDADocumentSequence
0040,A0B0;ReferencedWaveformChannels
0040,A120;DateTime
0040,A121;Date
0040,A122;Time
0040,A123;PersonName
0040,A124;UID
0040,A130;TemporalRangeType
0040,A132;ReferencedSamplePositions
0040,A136;ReferencedFrameNumbers
0040,A138;ReferencedTimeOffsets
0040,A13A;ReferencedDateTime
0040,A160;TextValue
0040,A168;ConceptCodeSequence
0040,A170;PurposeOfReferenceCodeSequence
0040,A180;AnnotationGroupNumber
0040,A195;ModifierCodeSequence
0040,A300;MeasuredValueSequence
0040,A301;NumericValueQualifierCodeSequence
0040,A30A;NumericValue
0040,A353;AddressTrial
0040,A354;TelephoneNumberTrial
0040,A360;PredecessorDocumentsSequence
0040,A370;ReferencedRequestSequence
0040,A372;PerformedProcedureCodeSequence
0040,A375;CurrentRequestedProcEvidenceSeq
0040,A385;PertinentOtherEvidenceSequence
0040,A390;HL7StructuredDocumentRefSeq
0040,A491;CompletionFlag
0040,A492;CompletionFlagDescription
0040,A493;VerificationFlag
0040,A494;ArchiveRequested
0040,A496;PreliminaryFlag
0040,A504;ContentTemplateSequence
0040,A525;IdenticalDocumentsSequence
0040,A730;ContentSequence
0040,B020;AnnotationSequence
0040,DB00;TemplateIdentifier
0040,DB06;TemplateVersion
0040,DB07;TemplateLocalVersion
0040,DB0B;TemplateExtensionFlag
0040,DB0C;TemplateExtensionOrganizationUID
0040,DB0D;TemplateExtensionCreatorUID
0040,DB73;ReferencedContentItemIdentifier
0040,E001;HL7InstanceIdentifier
0040,E004;HL7DocumentEffectiveTime
0040,E006;HL7DocumentTypeCodeSequence
0040,E010;RetrieveURI
0040,E011;RetrieveLocationUID
0042,0010;DocumentTitle
0042,0011;EncapsulatedDocument
0042,0012;MIMETypeOfEncapsulatedDocument
0042,0013;SourceInstanceSequence
0042,0014;ListOfMIMETypes
0043,1001;BitmapOfPrescanOptions
0043,1002;GradientOffsetInX
0043,1003;GradientOffsetInY
0043,1004;GradientOffsetInZ
0043,1005;ImgIsOriginalOrUnoriginal
0043,1006;NumberOfEPIShots
0043,1007;ViewsPerSegment
0043,1008;RespiratoryRateBpm
0043,1009;RespiratoryTriggerPoint
0043,100A;TypeOfReceiverUsed
0043,100B;PeakRateOfChangeOfGradientField
0043,100C;LimitsInUnitsOfPercent
0043,100D;PSDEstimatedLimit
0043,100E;PSDEstimatedLimitInTeslaPerSecond
0043,100F;Saravghead
0043,1010;WindowValue
0043,1011;TotalInputViews
0043,1012;X-RayChain
0043,1013;DeconKernelParameters
0043,1014;CalibrationParameters
0043,1015;TotalOutputViews
0043,1016;NumberOfOverranges
0043,1017;IBHImageScaleFactors
0043,1018;BBHCoefficients
0043,1019;NumberOfBBHChainsToBlend
0043,101A;StartingChannelNumber
0043,101B;PpscanParameters
0043,101C;GEImageIntegrity
0043,101D;LevelValue
0043,101E;DeltaStartTime
0043,101F;MaxOverrangesInAView
0043,1020;AvgOverrangesAllViews
0043,1021;CorrectedAfterGlowTerms
0043,1025;ReferenceChannels
0043,1026;NoViewsRefChansBlocked
0043,1027;ScanPitchRatio
0043,1028;UniqueImageIden
0043,1029;HistogramTables
0043,102A;UserDefinedData
0043,102B;PrivateScanOptions
0043,102C;EffectiveEchoSpacing
0043,102D;StringSlopField1
0043,102E;StringSlopField2
0043,102F;RawDataType
0043,1030;RawDataType
0043,1031;RACordOfTargetReconCenter
0043,1032;RawDataType
0043,1033;NegScanspacing
0043,1034;OffsetFrequency
0043,1035;UserUsageTag
0043,1036;UserFillMapMSW
0043,1037;UserFillMapLSW
0043,1038;User25-48
0043,1039;SlopInt6-9
0043,1040;TriggerOnPosition
0043,1041;DegreeOfRotation
0043,1042;DASTriggerSource
0043,1043;DASFpaGain
0043,1044;DASOutputSource
0043,1045;DASAdInput
0043,1046;DASCalMode
0043,1047;DASCalFrequency
0043,1048;DASRegXm
0043,1049;DASAutoZero
0043,104A;StartingChannelOfView
0043,104B;DASXmPattern
0043,104C;TGGCTriggerMode
0043,104D;StartScanToXrayOnDelay
0043,104E;DurationOfXrayOn
0043,1060;SlopInt10-17
0043,1061;ScannerStudyEntityUID
0043,1062;ScannerStudyID
0043,106f;ScannerTableEntry
0044,0001;ProductPackageIdentifier
0044,0002;SubstanceAdministrationApproval
0044,0003;ApprovalStatusFurtherDescription
0044,0004;ApprovalStatusDateTime
0044,0007;ProductTypeCodeSequence
0044,0008;ProductName
0044,0009;ProductDescription
0044,000A;ProductLotIdentifier
0044,000B;ProductExpirationDateTime
0044,0010;SubstanceAdministrationDateTime
0044,0011;SubstanceAdministrationNotes
0044,0012;SubstanceAdministrationDeviceID
0044,0013;ProductParameterSequence
0044,0019;SubstanceAdminParameterSeq
0045,1001;NumberOfMacroRowsInDetector
0045,1002;MacroWidthAtISOCenter
0045,1003;DASType
0045,1004;DASGain
0045,1005;DASTemperature
0045,1006;TableDirectionInOrOut
0045,1007;ZSmoothingFactor
0045,1008;ViewWeightingMode
0045,1009;SigmaRowNumberWhichRowsWereUsed
0045,100A;MinimumDasValueFoundInTheScanData
0045,100B;MaximumOffsetShiftValueUsed
0045,100C;NumberOfViewsShifted
0045,100D;ZTrackingFlag
0045,100E;MeanZError
0045,100F;ZTrackingMaximumError
0045,1010;StartingViewForRow2a
0045,1011;NumberOfViewsInRow2a
0045,1012;StartingViewForRow1a
0045,1013;SigmaMode
0045,1014;NumberOfViewsInRow1a
0045,1015;StartingViewForRow2b
0045,1016;NumberOfViewsInRow2b
0045,1017;StartingViewForRow1b
0045,1018;NumberOfViewsInRow1b
0045,1019;AirFilterCalibrationDate
0045,101A;AirFilterCalibrationTime
0045,101B;PhantomCalibrationDate
0045,101C;PhantomCalibrationTime
0045,101D;ZSlopeCalibrationDate
0045,101E;ZSlopeCalibrationTime
0045,101F;CrosstalkCalibrationDate
0045,1020;CrosstalkCalibrationTime
0045,1021;IterboneOptionFlag
0045,1022;PeristalticFlagOption
0046,0012;LensDescription
0046,0014;RightLensSequence
0046,0015;LeftLensSequence
0046,0018;CylinderSequence
0046,0028;PrismSequence
0046,0030;HorizontalPrismPower
0046,0032;HorizontalPrismBase
0046,0034;VerticalPrismPower
0046,0036;VerticalPrismBase
0046,0038;LensSegmentType
0046,0040;OpticalTransmittance
0046,0042;ChannelWidth
0046,0044;PupilSize
0046,0046;CornealSize
0046,0060;DistancePupillaryDistance
0046,0062;NearPupillaryDistance
0046,0064;OtherPupillaryDistance
0046,0075;RadiusOfCurvature
0046,0076;KeratometricPower
0046,0077;KeratometricAxis
0046,0092;BackgroundColor
0046,0094;Optotype
0046,0095;OptotypePresentation
0046,0100;AddNearSequence
0046,0101;AddIntermediateSequence
0046,0102;AddOtherSequence
0046,0104;AddPower
0046,0106;ViewingDistance
0046,0125;ViewingDistanceType
0046,0135;VisualAcuityModifiers
0046,0137;DecimalVisualAcuity
0046,0139;OptotypeDetailedDefinition
0046,0146;SpherePower
0046,0147;CylinderPower
0050,0004;CalibrationImage
0050,0010;DeviceSequence
0050,0014;DeviceLength
0050,0015;ContainerComponentWidth
0050,0016;DeviceDiameter
0050,0017;DeviceDiameterUnits
0050,0018;DeviceVolume
0050,0019;InterMarkerDistance
0050,001B;ContainerComponentID
0050,0020;DeviceDescription
0054,0010;EnergyWindowVector
0054,0011;NumberOfEnergyWindows
0054,0012;EnergyWindowInformationSequence
0054,0013;EnergyWindowRangeSequence
0054,0014;EnergyWindowLowerLimit
0054,0015;EnergyWindowUpperLimit
0054,0016;RadiopharmaceuticalInformationSeq
0054,0017;ResidualSyringeCounts
0054,0018;EnergyWindowName
0054,0020;DetectorVector
0054,0021;NumberOfDetectors
0054,0022;DetectorInformationSequence
0054,0030;PhaseVector
0054,0031;NumberOfPhases
0054,0032;PhaseInformationSequence
0054,0033;NumberOfFramesInPhase
0054,0036;PhaseDelay
0054,0038;PauseBetweenFrames
0054,0039;PhaseDescription
0054,0050;RotationVector
0054,0051;NumberOfRotations
0054,0052;RotationInformationSequence
0054,0053;NumberOfFramesInRotation
0054,0060;RRIntervalVector
0054,0061;NumberOfRRIntervals
0054,0062;GatedInformationSequence
0054,0063;DataInformationSequence
0054,0070;TimeSlotVector
0054,0071;NumberOfTimeSlots
0054,0072;TimeSlotInformationSequence
0054,0073;TimeSlotTime
0054,0080;SliceVector
0054,0081;NumberOfSlices
0054,0090;AngularViewVector
0054,0100;TimeSliceVector
0054,0101;NumberOfTimeSlices
0054,0200;StartAngle
0054,0202;TypeOfDetectorMotion
0054,0210;TriggerVector
0054,0211;NumberOfTriggersInPhase
0054,0220;ViewCodeSequence
0054,0222;ViewModifierCodeSequence
0054,0300;RadionuclideCodeSequence
0054,0302;AdministrationRouteCodeSequence
0054,0304;RadiopharmaceuticalCodeSequence
0054,0306;CalibrationDataSequence
0054,0308;EnergyWindowNumber
0054,0400;ImageID
0054,0410;PatientOrientationCodeSequence
0054,0412;PatientOrientationModifierCodeSeq
0054,0414;PatientGantryRelationshipCodeSeq
0054,0500;SliceProgressionDirection
0054,1000;SeriesType
0054,1001;Units
0054,1002;CountsSource
0054,1004;ReprojectionMethod
0054,1100;RandomsCorrectionMethod
0054,1101;AttenuationCorrectionMethod
0054,1102;DecayCorrection
0054,1103;ReconstructionMethod
0054,1104;DetectorLinesOfResponseUsed
0054,1105;ScatterCorrectionMethod
0054,1200;AxialAcceptance
0054,1201;AxialMash
0054,1202;TransverseMash
0054,1203;DetectorElementSize
0054,1210;CoincidenceWindowWidth
0054,1220;SecondaryCountsType
0054,1300;FrameReferenceTime
0054,1310;PrimaryCountsAccumulated
0054,1311;SecondaryCountsAccumulated
0054,1320;SliceSensitivityFactor
0054,1321;DecayFactor
0054,1322;DoseCalibrationFactor
0054,1323;ScatterFractionFactor
0054,1324;DeadTimeFactor
0054,1330;ImageIndex
0054,1400;CountsIncluded
0054,1401;DeadTimeCorrectionFlag
0060,3000;HistogramSequence
0060,3002;HistogramNumberOfBins
0060,3004;HistogramFirstBinValue
0060,3006;HistogramLastBinValue
0060,3008;HistogramBinWidth
0060,3010;HistogramExplanation
0060,3020;HistogramData
0062,0001;SegmentationType
0062,0002;SegmentSequence
0062,0003;SegmentedPropertyCategoryCodeSeq
0062,0004;SegmentNumber
0062,0005;SegmentLabel
0062,0006;SegmentDescription
0062,0008;SegmentAlgorithmType
0062,0009;SegmentAlgorithmName
0062,000A;SegmentIdentificationSequence
0062,000B;ReferencedSegmentNumber
0062,000C;RecommendedDisplayGrayscaleValue
0062,000D;RecommendedDisplayCIELabValue
0062,000E;MaximumFractionalValue
0062,000F;SegmentedPropertyTypeCodeSequence
0062,0010;SegmentationFractionalType
0064,0002;DeformableRegistrationSequence
0064,0003;SourceFrameOfReferenceUID
0064,0005;DeformableRegistrationGridSequence
0064,0007;GridDimensions
0064,0008;GridResolution
0064,0009;VectorGridData
0064,000F;PreDeformationMatrixRegistSeq
0064,0010;PostDeformationMatrixRegistSeq
0066,0001;NumberOfSurfaces
0066,0002;SurfaceSequence
0066,0003;SurfaceNumber
0066,0004;SurfaceComments
0066,0009;SurfaceProcessing
0066,000A;SurfaceProcessingRatio
0066,000E;FiniteVolume
0066,0010;Manifold
0066,0011;SurfacePointsSequence
0066,0015;NumberOfSurfacePoints
0066,0016;PointCoordinatesData
0066,0017;PointPositionAccuracy
0066,0018;MeanPointDistance
0066,0019;MaximumPointDistance
0066,001B;AxisOfRotation
0066,001C;CenterOfRotation
0066,001E;NumberOfVectors
0066,001F;VectorDimensionality
0066,0020;VectorAccuracy
0066,0021;VectorCoordinateData
0066,0023;TrianglePointIndexList
0066,0024;EdgePointIndexList
0066,0025;VertexPointIndexList
0066,0026;TriangleStripSequence
0066,0027;TriangleFanSequence
0066,0028;LineSequence
0066,0029;PrimitivePointIndexList
0066,002A;SurfaceCount
0066,002F;AlgorithmFamilyCodeSequ
0066,0031;AlgorithmVersion
0066,0032;AlgorithmParameters
0066,0034;FacetSequence
0066,0036;AlgorithmName
0070,0001;GraphicAnnotationSequence
0070,0002;GraphicLayer
0070,0003;BoundingBoxAnnotationUnits
0070,0004;AnchorPointAnnotationUnits
0070,0005;GraphicAnnotationUnits
0070,0006;UnformattedTextValue
0070,0008;TextObjectSequence
0070,0009;GraphicObjectSequence
0070,0010;BoundingBoxTopLeftHandCorner
0070,0011;BoundingBoxBottomRightHandCorner
0070,0012;BoundingBoxTextHorizJustification
0070,0014;AnchorPoint
0070,0015;AnchorPointVisibility
0070,0020;GraphicDimensions
0070,0021;NumberOfGraphicPoints
0070,0022;GraphicData
0070,0023;GraphicType
0070,0024;GraphicFilled
0070,0040;ImageRotationRetired
0070,0041;ImageHorizontalFlip
0070,0042;ImageRotation
0070,0050;DisplayedAreaTopLeftTrial
0070,0051;DisplayedAreaBottomRightTrial
0070,0052;DisplayedAreaTopLeft
0070,0053;DisplayedAreaBottomRight
0070,005A;DisplayedAreaSelectionSequence
0070,0060;GraphicLayerSequence
0070,0062;GraphicLayerOrder
0070,0066;GraphicLayerRecDisplayGraysclValue
0070,0067;GraphicLayerRecDisplayRGBValue
0070,0068;GraphicLayerDescription
0070,0080;ContentLabel
0070,0081;ContentDescription
0070,0082;PresentationCreationDate
0070,0083;PresentationCreationTime
0070,0084;ContentCreatorName
0070,0086;ContentCreatorIDCodeSequence
0070,0100;PresentationSizeMode
0070,0101;PresentationPixelSpacing
0070,0102;PresentationPixelAspectRatio
0070,0103;PresentationPixelMagRatio
0070,0306;ShapeType
0070,0308;RegistrationSequence
0070,0309;MatrixRegistrationSequence
0070,030A;MatrixSequence
0070,030C;FrameOfRefTransformationMatrixType
0070,030D;RegistrationTypeCodeSequence
0070,030F;FiducialDescription
0070,0310;FiducialIdentifier
0070,0311;FiducialIdentifierCodeSequence
0070,0312;ContourUncertaintyRadius
0070,0314;UsedFiducialsSequence
0070,0318;GraphicCoordinatesDataSequence
0070,031A;FiducialUID
0070,031C;FiducialSetSequence
0070,031E;FiducialSequence
0070,0401;GraphicLayerRecomDisplayCIELabVal
0070,0402;BlendingSequence
0070,0403;RelativeOpacity
0070,0404;ReferencedSpatialRegistrationSeq
0070,0405;BlendingPosition
0072,0002;HangingProtocolName
0072,0004;HangingProtocolDescription
0072,0006;HangingProtocolLevel
0072,0008;HangingProtocolCreator
0072,000A;HangingProtocolCreationDateTime
0072,000C;HangingProtocolDefinitionSequence
0072,000E;HangingProtocolUserIDCodeSequence
0072,0010;HangingProtocolUserGroupName
0072,0012;SourceHangingProtocolSequence
0072,0014;NumberOfPriorsReferenced
0072,0020;ImageSetsSequence
0072,0022;ImageSetSelectorSequence
0072,0024;ImageSetSelectorUsageFlag
0072,0026;SelectorAttribute
0072,0028;SelectorValueNumber
0072,0030;TimeBasedImageSetsSequence
0072,0032;ImageSetNumber
0072,0034;ImageSetSelectorCategory
0072,0038;RelativeTime
0072,003A;RelativeTimeUnits
0072,003C;AbstractPriorValue
0072,003E;AbstractPriorCodeSequence
0072,0040;ImageSetLabel
0072,0050;SelectorAttributeVR
0072,0052;SelectorSequencePointer
0072,0054;SelectorSeqPointerPrivateCreator
0072,0056;SelectorAttributePrivateCreator
0072,0060;SelectorATValue
0072,0062;SelectorCSValue
0072,0064;SelectorISValue
0072,0066;SelectorLOValue
0072,0068;SelectorLTValue
0072,006A;SelectorPNValue
0072,006C;SelectorSHValue
0072,006E;SelectorSTValue
0072,0070;SelectorUTValue
0072,0072;SelectorDSValue
0072,0074;SelectorFDValue
0072,0076;SelectorFLValue
0072,0078;SelectorULValue
0072,007A;SelectorUSValue
0072,007C;SelectorSLValue
0072,007E;SelectorSSValue
0072,0080;SelectorCodeSequenceValue
0072,0100;NumberOfScreens
0072,0102;NominalScreenDefinitionSequence
0072,0104;NumberOfVerticalPixels
0072,0106;NumberOfHorizontalPixels
0072,0108;DisplayEnvironmentSpatialPosition
0072,010A;ScreenMinimumGrayscaleBitDepth
0072,010C;ScreenMinimumColorBitDepth
0072,010E;ApplicationMaximumRepaintTime
0072,0200;DisplaySetsSequence
0072,0202;DisplaySetNumber
0072,0203;DisplaySetLabel
0072,0204;DisplaySetPresentationGroup
0072,0206;DisplaySetPresentationGroupDescr
0072,0208;PartialDataDisplayHandling
0072,0210;SynchronizedScrollingSequence
0072,0212;DisplaySetScrollingGroup
0072,0214;NavigationIndicatorSequence
0072,0216;NavigationDisplaySet
0072,0218;ReferenceDisplaySets
0072,0300;ImageBoxesSequence
0072,0302;ImageBoxNumber
0072,0304;ImageBoxLayoutType
0072,0306;ImageBoxTileHorizontalDimension
0072,0308;ImageBoxTileVerticalDimension
0072,0310;ImageBoxScrollDirection
0072,0312;ImageBoxSmallScrollType
0072,0314;ImageBoxSmallScrollAmount
0072,0316;ImageBoxLargeScrollType
0072,0318;ImageBoxLargeScrollAmount
0072,0320;ImageBoxOverlapPriority
0072,0330;CineRelativeToRealTime
0072,0400;FilterOperationsSequence
0072,0402;FilterByCategory
0072,0404;FilterByAttributePresence
0072,0406;FilterByOperator
0072,0432;SynchronizedImageBoxList
0072,0434;TypeOfSynchronization
0072,0500;BlendingOperationType
0072,0510;ReformattingOperationType
0072,0512;ReformattingThickness
0072,0514;ReformattingInterval
0072,0516;ReformattingOpInitialViewDir
0072,0520;RenderingType3D
0072,0600;SortingOperationsSequence
0072,0602;SortByCategory
0072,0604;SortingDirection
0072,0700;DisplaySetPatientOrientation
0072,0702;VOIType
0072,0704;PseudoColorType
0072,0706;ShowGrayscaleInverted
0072,0710;ShowImageTrueSizeFlag
0072,0712;ShowGraphicAnnotationFlag
0072,0714;ShowPatientDemographicsFlag
0072,0716;ShowAcquisitionTechniquesFlag
0072,0717;DisplaySetHorizontalJustification
0072,0718;DisplaySetVerticalJustification
0074,1000;UnifiedProcedureStepState
0074,1002;UPSProgressInformationSequence
0074,1004;UnifiedProcedureStepProgress
0074,1006;UnifiedProcedureStepProgressDescr
0074,1008;UnifiedProcedureStepComURISeq
0074,100a;ContactURI
0074,100c;ContactDisplayName
0074,1020;BeamTaskSequence
0074,1022;BeamTaskType
0074,1024;BeamOrderIndex
0074,1030;DeliveryVerificationImageSequence
0074,1032;VerificationImageTiming
0074,1034;DoubleExposureFlag
0074,1036;DoubleExposureOrdering
0074,1038;DoubleExposureMeterset
0074,103A;DoubleExposureFieldDelta
0074,1040;RelatedReferenceRTImageSequence
0074,1042;GeneralMachineVerificationSequence
0074,1044;ConventionalMachineVerificationSeq
0074,1046;IonMachineVerificationSequence
0074,1048;FailedAttributesSequence
0074,104A;OverriddenAttributesSequence
0074,104C;ConventionalControlPointVerifySeq
0074,104E;IonControlPointVerificationSeq
0074,1050;AttributeOccurrenceSequence
0074,1052;AttributeOccurrencePointer
0074,1054;AttributeItemSelector
0074,1056;AttributeOccurrencePrivateCreator
0074,1200;ScheduledProcedureStepPriority
0074,1202;WorklistLabel
0074,1204;ProcedureStepLabel
0074,1210;ScheduledProcessingParametersSeq
0074,1212;PerformedProcessingParametersSeq
0074,1216;UPSPerformedProcedureSequence
0074,1220;RelatedProcedureStepSequence
0074,1222;ProcedureStepRelationshipType
0074,1230;DeletionLock
0074,1234;ReceivingAE
0074,1236;RequestingAE
0074,1238;ReasonForCancellation
0074,1242;SCPStatus
0074,1244;SubscriptionListStatus
0074,1246;UPSListStatus
0088,0130;StorageMediaFileSetID
0088,0140;StorageMediaFileSetUID
0088,0200;IconImageSequence
0088,0904;TopicTitle
0088,0906;TopicSubject
0088,0910;TopicAuthor
0088,0912;TopicKeywords
0100,0410;SOPInstanceStatus
0100,0420;SOPAuthorizationDateAndTime
0100,0424;SOPAuthorizationComment
0100,0426;AuthorizationEquipmentCertNumber
0400,0005;MACIDNumber
0400,0010;MACCalculationTransferSyntaxUID
0400,0015;MACAlgorithm
0400,0020;DataElementsSigned
0400,0100;DigitalSignatureUID
0400,0105;DigitalSignatureDateTime
0400,0110;CertificateType
0400,0115;CertificateOfSigner
0400,0120;Signature
0400,0305;CertifiedTimestampType
0400,0310;CertifiedTimestamp
0400,0401;DigitalSignaturePurposeCodeSeq
0400,0402;ReferencedDigitalSignatureSeq
0400,0403;ReferencedSOPInstanceMACSeq
0400,0404;MAC
0400,0500;EncryptedAttributesSequence
0400,0510;EncryptedContentTransferSyntaxUID
0400,0520;EncryptedContent
0400,0550;ModifiedAttributesSequence
0400,0561;OriginalAttributesSequence
0400,0562;AttributeModificationDateTime
0400,0563;ModifyingSystem
0400,0564;SourceOfPreviousValues
0400,0565;ReasonForTheAttributeModification
1000,xxx0;EscapeTriplet
1000,xxx1;RunLengthTriplet
1000,xxx2;HuffmanTableSize
1000,xxx3;HuffmanTableTriplet
1000,xxx4;ShiftTableSize
1000,xxx5;ShiftTableTriplet
1010,xxxx;ZonalMap
2000,0010;NumberOfCopies
2000,001E;PrinterConfigurationSequence
2000,0020;PrintPriority
2000,0030;MediumType
2000,0040;FilmDestination
2000,0050;FilmSessionLabel
2000,0060;MemoryAllocation
2000,0061;MaximumMemoryAllocation
2000,0062;ColorImagePrintingFlag
2000,0063;CollationFlag
2000,0065;AnnotationFlag
2000,0067;ImageOverlayFlag
2000,0069;PresentationLUTFlag
2000,006A;ImageBoxPresentationLUTFlag
2000,00A0;MemoryBitDepth
2000,00A1;PrintingBitDepth
2000,00A2;MediaInstalledSequence
2000,00A4;OtherMediaAvailableSequence
2000,00A8;SupportedImageDisplayFormatSeq
2000,0500;ReferencedFilmBoxSequence
2000,0510;ReferencedStoredPrintSequence
2010,0010;ImageDisplayFormat
2010,0030;AnnotationDisplayFormatID
2010,0040;FilmOrientation
2010,0050;FilmSizeID
2010,0052;PrinterResolutionID
2010,0054;DefaultPrinterResolutionID
2010,0060;MagnificationType
2010,0080;SmoothingType
2010,00A6;DefaultMagnificationType
2010,00A7;OtherMagnificationTypesAvailable
2010,00A8;DefaultSmoothingType
2010,00A9;OtherSmoothingTypesAvailable
2010,0100;BorderDensity
2010,0110;EmptyImageDensity
2010,0120;MinDensity
2010,0130;MaxDensity
2010,0140;Trim
2010,0150;ConfigurationInformation
2010,0152;ConfigurationInformationDescr
2010,0154;MaximumCollatedFilms
2010,015E;Illumination
2010,0160;ReflectedAmbientLight
2010,0376;PrinterPixelSpacing
2010,0500;ReferencedFilmSessionSequence
2010,0510;ReferencedImageBoxSequence
2010,0520;ReferencedBasicAnnotationBoxSeq
2020,0010;ImageBoxPosition
2020,0020;Polarity
2020,0030;RequestedImageSize
2020,0040;RequestedDecimate-CropBehavior
2020,0050;RequestedResolutionID
2020,00A0;RequestedImageSizeFlag
2020,00A2;DecimateCropResult
2020,0110;BasicGrayscaleImageSequence
2020,0111;BasicColorImageSequence
2020,0130;ReferencedImageOverlayBoxSequence
2020,0140;ReferencedVOILUTBoxSequence
2030,0010;AnnotationPosition
2030,0020;TextString
2040,0010;ReferencedOverlayPlaneSequence
2040,0011;ReferencedOverlayPlaneGroups
2040,0020;OverlayPixelDataSequence
2040,0060;OverlayMagnificationType
2040,0070;OverlaySmoothingType
2040,0072;OverlayOrImageMagnification
2040,0074;MagnifyToNumberOfColumns
2040,0080;OverlayForegroundDensity
2040,0082;OverlayBackgroundDensity
2040,0090;OverlayMode
2040,0100;ThresholdDensity
2040,0500;ReferencedImageBoxSequence
2050,0010;PresentationLUTSequence
2050,0020;PresentationLUTShape
2050,0500;ReferencedPresentationLUTSequence
2100,0010;PrintJobID
2100,0020;ExecutionStatus
2100,0030;ExecutionStatusInfo
2100,0040;CreationDate
2100,0050;CreationTime
2100,0070;Originator
2100,0140;DestinationAE
2100,0160;OwnerID
2100,0170;NumberOfFilms
2100,0500;ReferencedPrintJobSequence
2110,0010;PrinterStatus
2110,0020;PrinterStatusInfo
2110,0030;PrinterName
2110,0099;PrintQueueID
2120,0010;QueueStatus
2120,0050;PrintJobDescriptionSequence
2120,0070;ReferencedPrintJobSequence
2130,0010;PrintManagementCapabilitiesSeq
2130,0015;PrinterCharacteristicsSequence
2130,0030;FilmBoxContentSequence
2130,0040;ImageBoxContentSequence
2130,0050;AnnotationContentSequence
2130,0060;ImageOverlayBoxContentSequence
2130,0080;PresentationLUTContentSequence
2130,00A0;ProposedStudySequence
2130,00C0;OriginalImageSequence
2200,0001;LabelFromInfoExtractedFromInstance
2200,0002;LabelText
2200,0003;LabelStyleSelection
2200,0004;MediaDisposition
2200,0005;BarcodeValue
2200,0006;BarcodeSymbology
2200,0007;AllowMediaSplitting
2200,0008;IncludeNonDICOMObjects
2200,0009;IncludeDisplayApplication
2200,000A;SaveCompInstancesAfterMediaCreate
2200,000B;TotalNumberMediaPiecesCreated
2200,000C;RequestedMediaApplicationProfile
2200,000D;ReferencedStorageMediaSequence
2200,000E;FailureAttributes
2200,000F;AllowLossyCompression
2200,0020;RequestPriority
3002,0002;RTImageLabel
3002,0003;RTImageName
3002,0004;RTImageDescription
3002,000A;ReportedValuesOrigin
3002,000C;RTImagePlane
3002,000D;XRayImageReceptorTranslation
3002,000E;XRayImageReceptorAngle
3002,0010;RTImageOrientation
3002,0011;ImagePlanePixelSpacing
3002,0012;RTImagePosition
3002,0020;RadiationMachineName
3002,0022;RadiationMachineSAD
3002,0024;RadiationMachineSSD
3002,0026;RTImageSID
3002,0028;SourceToReferenceObjectDistance
3002,0029;FractionNumber
3002,0030;ExposureSequence
3002,0032;MetersetExposure
3002,0034;DiaphragmPosition
3002,0040;FluenceMapSequence
3002,0041;FluenceDataSource
3002,0042;FluenceDataScale
3002,0051;FluenceMode
3002,0052;FluenceModeID
3004,0001;DVHType
3004,0002;DoseUnits
3004,0004;DoseType
3004,0006;DoseComment
3004,0008;NormalizationPoint
3004,000A;DoseSummationType
3004,000C;GridFrameOffsetVector
3004,000E;DoseGridScaling
3004,0010;RTDoseROISequence
3004,0012;DoseValue
3004,0014;TissueHeterogeneityCorrection
3004,0040;DVHNormalizationPoint
3004,0042;DVHNormalizationDoseValue
3004,0050;DVHSequence
3004,0052;DVHDoseScaling
3004,0054;DVHVolumeUnits
3004,0056;DVHNumberOfBins
3004,0058;DVHData
3004,0060;DVHReferencedROISequence
3004,0062;DVHROIContributionType
3004,0070;DVHMinimumDose
3004,0072;DVHMaximumDose
3004,0074;DVHMeanDose
3006,0002;StructureSetLabel
3006,0004;StructureSetName
3006,0006;StructureSetDescription
3006,0008;StructureSetDate
3006,0009;StructureSetTime
3006,0010;ReferencedFrameOfReferenceSequence
3006,0012;RTReferencedStudySequence
3006,0014;RTReferencedSeriesSequence
3006,0016;ContourImageSequence
3006,0020;StructureSetROISequence
3006,0022;ROINumber
3006,0024;ReferencedFrameOfReferenceUID
3006,0026;ROIName
3006,0028;ROIDescription
3006,002A;ROIDisplayColor
3006,002C;ROIVolume
3006,0030;RTRelatedROISequence
3006,0033;RTROIRelationship
3006,0036;ROIGenerationAlgorithm
3006,0038;ROIGenerationDescription
3006,0039;ROIContourSequence
3006,0040;ContourSequence
3006,0042;ContourGeometricType
3006,0044;ContourSlabThickness
3006,0045;ContourOffsetVector
3006,0046;NumberOfContourPoints
3006,0048;ContourNumber
3006,0049;AttachedContours
3006,0050;ContourData
3006,0080;RTROIObservationsSequence
3006,0082;ObservationNumber
3006,0084;ReferencedROINumber
3006,0085;ROIObservationLabel
3006,0086;RTROIIdentificationCodeSequence
3006,0088;ROIObservationDescription
3006,00A0;RelatedRTROIObservationsSequence
3006,00A4;RTROIInterpretedType
3006,00A6;ROIInterpreter
3006,00B0;ROIPhysicalPropertiesSequence
3006,00B2;ROIPhysicalProperty
3006,00B4;ROIPhysicalPropertyValue
3006,00B6;ROIElementalCompositionSequence
3006,00B7;ROIElementalCompAtomicNumber
3006,00B8;ROIElementalCompAtomicMassFraction
3006,00C0;FrameOfReferenceRelationshipSeq
3006,00C2;RelatedFrameOfReferenceUID
3006,00C4;FrameOfReferenceTransformType
3006,00C6;FrameOfReferenceTransformMatrix
3006,00C8;FrameOfReferenceTransformComment
3008,0010;MeasuredDoseReferenceSequence
3008,0012;MeasuredDoseDescription
3008,0014;MeasuredDoseType
3008,0016;MeasuredDoseValue
3008,0020;TreatmentSessionBeamSequence
3008,0021;TreatmentSessionIonBeamSequence
3008,0022;CurrentFractionNumber
3008,0024;TreatmentControlPointDate
3008,0025;TreatmentControlPointTime
3008,002A;TreatmentTerminationStatus
3008,002B;TreatmentTerminationCode
3008,002C;TreatmentVerificationStatus
3008,0030;ReferencedTreatmentRecordSequence
3008,0032;SpecifiedPrimaryMeterset
3008,0033;SpecifiedSecondaryMeterset
3008,0036;DeliveredPrimaryMeterset
3008,0037;DeliveredSecondaryMeterset
3008,003A;SpecifiedTreatmentTime
3008,003B;DeliveredTreatmentTime
3008,0040;ControlPointDeliverySequence
3008,0041;IonControlPointDeliverySequence
3008,0042;SpecifiedMeterset
3008,0044;DeliveredMeterset
3008,0045;MetersetRateSet
3008,0046;MetersetRateDelivered
3008,0047;ScanSpotMetersetsDelivered
3008,0048;DoseRateDelivered
3008,0050;TreatmentSummaryCalcDoseRefSeq
3008,0052;CumulativeDoseToDoseReference
3008,0054;FirstTreatmentDate
3008,0056;MostRecentTreatmentDate
3008,005A;NumberOfFractionsDelivered
3008,0060;OverrideSequence
3008,0061;ParameterSequencePointer
3008,0062;OverrideParameterPointer
3008,0063;ParameterItemIndex
3008,0064;MeasuredDoseReferenceNumber
3008,0065;ParameterPointer
3008,0066;OverrideReason
3008,0068;CorrectedParameterSequence
3008,006A;CorrectionValue
3008,0070;CalculatedDoseReferenceSequence
3008,0072;CalculatedDoseReferenceNumber
3008,0074;CalculatedDoseReferenceDescription
3008,0076;CalculatedDoseReferenceDoseValue
3008,0078;StartMeterset
3008,007A;EndMeterset
3008,0080;ReferencedMeasuredDoseReferenceSeq
3008,0082;ReferencedMeasuredDoseReferenceNum
3008,0090;ReferencedCalculatedDoseRefSeq
3008,0092;ReferencedCalculatedDoseRefNumber
3008,00A0;BeamLimitingDeviceLeafPairsSeq
3008,00B0;RecordedWedgeSequence
3008,00C0;RecordedCompensatorSequence
3008,00D0;RecordedBlockSequence
3008,00E0;TreatmentSummaryMeasuredDoseRefSeq
3008,00F0;RecordedSnoutSequence
3008,00F2;RecordedRangeShifterSequence
3008,00F4;RecordedLateralSpreadingDeviceSeq
3008,00F6;RecordedRangeModulatorSequence
3008,0100;RecordedSourceSequence
3008,0105;SourceSerialNumber
3008,0110;TreatmentSessionAppSetupSeq
3008,0116;ApplicationSetupCheck
3008,0120;RecordedBrachyAccessoryDeviceSeq
3008,0122;ReferencedBrachyAccessoryDeviceNum
3008,0130;RecordedChannelSequence
3008,0132;SpecifiedChannelTotalTime
3008,0134;DeliveredChannelTotalTime
3008,0136;SpecifiedNumberOfPulses
3008,0138;DeliveredNumberOfPulses
3008,013A;SpecifiedPulseRepetitionInterval
3008,013C;DeliveredPulseRepetitionInterval
3008,0140;RecordedSourceApplicatorSequence
3008,0142;ReferencedSourceApplicatorNumber
3008,0150;RecordedChannelShieldSequence
3008,0152;ReferencedChannelShieldNumber
3008,0160;BrachyControlPointDeliveredSeq
3008,0162;SafePositionExitDate
3008,0164;SafePositionExitTime
3008,0166;SafePositionReturnDate
3008,0168;SafePositionReturnTime
3008,0200;CurrentTreatmentStatus
3008,0202;TreatmentStatusComment
3008,0220;FractionGroupSummarySequence
3008,0223;ReferencedFractionNumber
3008,0224;FractionGroupType
3008,0230;BeamStopperPosition
3008,0240;FractionStatusSummarySequence
3008,0250;TreatmentDate
3008,0251;TreatmentTime
300A,0002;RTPlanLabel
300A,0003;RTPlanName
300A,0004;RTPlanDescription
300A,0006;RTPlanDate
300A,0007;RTPlanTime
300A,0009;TreatmentProtocols
300A,000A;PlanIntent
300A,000B;TreatmentSites
300A,000C;RTPlanGeometry
300A,000E;PrescriptionDescription
300A,0010;DoseReferenceSequence
300A,0012;DoseReferenceNumber
300A,0013;DoseReferenceUID
300A,0014;DoseReferenceStructureType
300A,0015;NominalBeamEnergyUnit
300A,0016;DoseReferenceDescription
300A,0018;DoseReferencePointCoordinates
300A,001A;NominalPriorDose
300A,0020;DoseReferenceType
300A,0021;ConstraintWeight
300A,0022;DeliveryWarningDose
300A,0023;DeliveryMaximumDose
300A,0025;TargetMinimumDose
300A,0026;TargetPrescriptionDose
300A,0027;TargetMaximumDose
300A,0028;TargetUnderdoseVolumeFraction
300A,002A;OrganAtRiskFullVolumeDose
300A,002B;OrganAtRiskLimitDose
300A,002C;OrganAtRiskMaximumDose
300A,002D;OrganAtRiskOverdoseVolumeFraction
300A,0040;ToleranceTableSequence
300A,0042;ToleranceTableNumber
300A,0043;ToleranceTableLabel
300A,0044;GantryAngleTolerance
300A,0046;BeamLimitingDeviceAngleTolerance
300A,0048;BeamLimitingDeviceToleranceSeq
300A,004A;BeamLimitingDevicePositionTol
300A,004B;SnoutPositionTolerance
300A,004C;PatientSupportAngleTolerance
300A,004E;TableTopEccentricAngleTolerance
300A,004F;TableTopPitchAngleTolerance
300A,0050;TableTopRollAngleTolerance
300A,0051;TableTopVerticalPositionTolerance
300A,0052;TableTopLongitudinalPositionTol
300A,0053;TableTopLateralPositionTolerance
300A,0055;RTPlanRelationship
300A,0070;FractionGroupSequence
300A,0071;FractionGroupNumber
300A,0072;FractionGroupDescription
300A,0078;NumberOfFractionsPlanned
300A,0079;NumberFractionPatternDigitsPerDay
300A,007A;RepeatFractionCycleLength
300A,007B;FractionPattern
300A,0080;NumberOfBeams
300A,0082;BeamDoseSpecificationPoint
300A,0084;BeamDose
300A,0086;BeamMeterset
300A,0088;BeamDosePointDepth
300A,0089;BeamDosePointEquivalentDepth
300A,008A;BeamDosePointSSD
300A,00A0;NumberOfBrachyApplicationSetups
300A,00A2;BrachyAppSetupDoseSpecPoint
300A,00A4;BrachyApplicationSetupDose
300A,00B0;BeamSequence
300A,00B2;TreatmentMachineName
300A,00B3;PrimaryDosimeterUnit
300A,00B4;SourceAxisDistance
300A,00B6;BeamLimitingDeviceSequence
300A,00B8;RTBeamLimitingDeviceType
300A,00BA;SourceToBeamLimitingDeviceDistance
300A,00BB;IsocenterToBeamLimitingDeviceDist
300A,00BC;NumberOfLeafJawPairs
300A,00BE;LeafPositionBoundaries
300A,00C0;BeamNumber
300A,00C2;BeamName
300A,00C3;BeamDescription
300A,00C4;BeamType
300A,00C6;RadiationType
300A,00C7;HighDoseTechniqueType
300A,00C8;ReferenceImageNumber
300A,00CA;PlannedVerificationImageSequence
300A,00CC;ImagingDeviceSpecificAcqParams
300A,00CE;TreatmentDeliveryType
300A,00D0;NumberOfWedges
300A,00D1;WedgeSequence
300A,00D2;WedgeNumber
300A,00D3;WedgeType
300A,00D4;WedgeID
300A,00D5;WedgeAngle
300A,00D6;WedgeFactor
300A,00D7;TotalWedgeTrayWaterEquivThickness
300A,00D8;WedgeOrientation
300A,00D9;IsocenterToWedgeTrayDistance
300A,00DA;SourceToWedgeTrayDistance
300A,00DB;WedgeThinEdgePosition
300A,00DC;BolusID
300A,00DD;BolusDescription
300A,00E0;NumberOfCompensators
300A,00E1;MaterialID
300A,00E2;TotalCompensatorTrayFactor
300A,00E3;CompensatorSequence
300A,00E4;CompensatorNumber
300A,00E5;CompensatorID
300A,00E6;SourceToCompensatorTrayDistance
300A,00E7;CompensatorRows
300A,00E8;CompensatorColumns
300A,00E9;CompensatorPixelSpacing
300A,00EA;CompensatorPosition
300A,00EB;CompensatorTransmissionData
300A,00EC;CompensatorThicknessData
300A,00ED;NumberOfBoli
300A,00EE;CompensatorType
300A,00F0;NumberOfBlocks
300A,00F2;TotalBlockTrayFactor
300A,00F3;TotalBlockTrayWaterEquivThickness
300A,00F4;BlockSequence
300A,00F5;BlockTrayID
300A,00F6;SourceToBlockTrayDistance
300A,00F7;IsocenterToBlockTrayDistance
300A,00F8;BlockType
300A,00F9;AccessoryCode
300A,00FA;BlockDivergence
300A,00FB;BlockMountingPosition
300A,00FC;BlockNumber
300A,00FE;BlockName
300A,0100;BlockThickness
300A,0102;BlockTransmission
300A,0104;BlockNumberOfPoints
300A,0106;BlockData
300A,0107;ApplicatorSequence
300A,0108;ApplicatorID
300A,0109;ApplicatorType
300A,010A;ApplicatorDescription
300A,010C;CumulativeDoseReferenceCoefficient
300A,010E;FinalCumulativeMetersetWeight
300A,0110;NumberOfControlPoints
300A,0111;ControlPointSequence
300A,0112;ControlPointIndex
300A,0114;NominalBeamEnergy
300A,0115;DoseRateSet
300A,0116;WedgePositionSequence
300A,0118;WedgePosition
300A,011A;BeamLimitingDevicePositionSequence
300A,011C;LeafJawPositions
300A,011E;GantryAngle
300A,011F;GantryRotationDirection
300A,0120;BeamLimitingDeviceAngle
300A,0121;BeamLimitingDeviceRotateDirection
300A,0122;PatientSupportAngle
300A,0123;PatientSupportRotationDirection
300A,0124;TableTopEccentricAxisDistance
300A,0125;TableTopEccentricAngle
300A,0126;TableTopEccentricRotateDirection
300A,0128;TableTopVerticalPosition
300A,0129;TableTopLongitudinalPosition
300A,012A;TableTopLateralPosition
300A,012C;IsocenterPosition
300A,012E;SurfaceEntryPoint
300A,0130;SourceToSurfaceDistance
300A,0134;CumulativeMetersetWeight
300A,0140;TableTopPitchAngle
300A,0142;TableTopPitchRotationDirection
300A,0144;TableTopRollAngle
300A,0146;TableTopRollRotationDirection
300A,0148;HeadFixationAngle
300A,014A;GantryPitchAngle
300A,014C;GantryPitchRotationDirection
300A,014E;GantryPitchAngleTolerance
300A,0180;PatientSetupSequence
300A,0182;PatientSetupNumber
300A,0183;PatientSetupLabel
300A,0184;PatientAdditionalPosition
300A,0190;FixationDeviceSequence
300A,0192;FixationDeviceType
300A,0194;FixationDeviceLabel
300A,0196;FixationDeviceDescription
300A,0198;FixationDevicePosition
300A,0199;FixationDevicePitchAngle
300A,019A;FixationDeviceRollAngle
300A,01A0;ShieldingDeviceSequence
300A,01A2;ShieldingDeviceType
300A,01A4;ShieldingDeviceLabel
300A,01A6;ShieldingDeviceDescription
300A,01A8;ShieldingDevicePosition
300A,01B0;SetupTechnique
300A,01B2;SetupTechniqueDescription
300A,01B4;SetupDeviceSequence
300A,01B6;SetupDeviceType
300A,01B8;SetupDeviceLabel
300A,01BA;SetupDeviceDescription
300A,01BC;SetupDeviceParameter
300A,01D0;SetupReferenceDescription
300A,01D2;TableTopVerticalSetupDisplacement
300A,01D4;TableTopLongitudinalSetupDisplace
300A,01D6;TableTopLateralSetupDisplacement
300A,0200;BrachyTreatmentTechnique
300A,0202;BrachyTreatmentType
300A,0206;TreatmentMachineSequence
300A,0210;SourceSequence
300A,0212;SourceNumber
300A,0214;SourceType
300A,0216;SourceManufacturer
300A,0218;ActiveSourceDiameter
300A,021A;ActiveSourceLength
300A,0222;SourceEncapsulationNomThickness
300A,0224;SourceEncapsulationNomTransmission
300A,0226;SourceIsotopeName
300A,0228;SourceIsotopeHalfLife
300A,0229;SourceStrengthUnits
300A,022A;ReferenceAirKermaRate
300A,022B;SourceStrength
300A,022C;SourceStrengthReferenceDate
300A,022E;SourceStrengthReferenceTime
300A,0230;ApplicationSetupSequence
300A,0232;ApplicationSetupType
300A,0234;ApplicationSetupNumber
300A,0236;ApplicationSetupName
300A,0238;ApplicationSetupManufacturer
300A,0240;TemplateNumber
300A,0242;TemplateType
300A,0244;TemplateName
300A,0250;TotalReferenceAirKerma
300A,0260;BrachyAccessoryDeviceSequence
300A,0262;BrachyAccessoryDeviceNumber
300A,0263;BrachyAccessoryDeviceID
300A,0264;BrachyAccessoryDeviceType
300A,0266;BrachyAccessoryDeviceName
300A,026A;BrachyAccessoryDeviceNomThickness
300A,026C;BrachyAccessoryDevNomTransmission
300A,0280;ChannelSequence
300A,0282;ChannelNumber
300A,0284;ChannelLength
300A,0286;ChannelTotalTime
300A,0288;SourceMovementType
300A,028A;NumberOfPulses
300A,028C;PulseRepetitionInterval
300A,0290;SourceApplicatorNumber
300A,0291;SourceApplicatorID
300A,0292;SourceApplicatorType
300A,0294;SourceApplicatorName
300A,0296;SourceApplicatorLength
300A,0298;SourceApplicatorManufacturer
300A,029C;SourceApplicatorWallNomThickness
300A,029E;SourceApplicatorWallNomTrans
300A,02A0;SourceApplicatorStepSize
300A,02A2;TransferTubeNumber
300A,02A4;TransferTubeLength
300A,02B0;ChannelShieldSequence
300A,02B2;ChannelShieldNumber
300A,02B3;ChannelShieldID
300A,02B4;ChannelShieldName
300A,02B8;ChannelShieldNominalThickness
300A,02BA;ChannelShieldNominalTransmission
300A,02C8;FinalCumulativeTimeWeight
300A,02D0;BrachyControlPointSequence
300A,02D2;ControlPointRelativePosition
300A,02D4;ControlPoint3DPosition
300A,02D6;CumulativeTimeWeight
300A,02E0;CompensatorDivergence
300A,02E1;CompensatorMountingPosition
300A,02E2;SourceToCompensatorDistance
300A,02E3;TotalCompTrayWaterEquivThickness
300A,02E4;IsocenterToCompensatorTrayDistance
300A,02E5;CompensatorColumnOffset
300A,02E6;IsocenterToCompensatorDistances
300A,02E7;CompensatorRelStoppingPowerRatio
300A,02E8;CompensatorMillingToolDiameter
300A,02EA;IonRangeCompensatorSequence
300A,02EB;CompensatorDescription
300A,0302;RadiationMassNumber
300A,0304;RadiationAtomicNumber
300A,0306;RadiationChargeState
300A,0308;ScanMode
300A,030A;VirtualSourceAxisDistances
300A,030C;SnoutSequence
300A,030D;SnoutPosition
300A,030F;SnoutID
300A,0312;NumberOfRangeShifters
300A,0314;RangeShifterSequence
300A,0316;RangeShifterNumber
300A,0318;RangeShifterID
300A,0320;RangeShifterType
300A,0322;RangeShifterDescription
300A,0330;NumberOfLateralSpreadingDevices
300A,0332;LateralSpreadingDeviceSequence
300A,0334;LateralSpreadingDeviceNumber
300A,0336;LateralSpreadingDeviceID
300A,0338;LateralSpreadingDeviceType
300A,033A;LateralSpreadingDeviceDescription
300A,033C;LateralSpreadingDevWaterEquivThick
300A,0340;NumberOfRangeModulators
300A,0342;RangeModulatorSequence
300A,0344;RangeModulatorNumber
300A,0346;RangeModulatorID
300A,0348;RangeModulatorType
300A,034A;RangeModulatorDescription
300A,034C;BeamCurrentModulationID
300A,0350;PatientSupportType
300A,0352;PatientSupportID
300A,0354;PatientSupportAccessoryCode
300A,0356;FixationLightAzimuthalAngle
300A,0358;FixationLightPolarAngle
300A,035A;MetersetRate
300A,0360;RangeShifterSettingsSequence
300A,0362;RangeShifterSetting
300A,0364;IsocenterToRangeShifterDistance
300A,0366;RangeShifterWaterEquivThickness
300A,0370;LateralSpreadingDeviceSettingsSeq
300A,0372;LateralSpreadingDeviceSetting
300A,0374;IsocenterToLateralSpreadingDevDist
300A,0380;RangeModulatorSettingsSequence
300A,0382;RangeModulatorGatingStartValue
300A,0384;RangeModulatorGatingStopValue
300A,038A;IsocenterToRangeModulatorDistance
300A,0390;ScanSpotTuneID
300A,0392;NumberOfScanSpotPositions
300A,0394;ScanSpotPositionMap
300A,0396;ScanSpotMetersetWeights
300A,0398;ScanningSpotSize
300A,039A;NumberOfPaintings
300A,03A0;IonToleranceTableSequence
300A,03A2;IonBeamSequence
300A,03A4;IonBeamLimitingDeviceSequence
300A,03A6;IonBlockSequence
300A,03A8;IonControlPointSequence
300A,03AA;IonWedgeSequence
300A,03AC;IonWedgePositionSequence
300A,0401;ReferencedSetupImageSequence
300A,0402;SetupImageComment
300A,0410;MotionSynchronizationSequence
300A,0412;ControlPointOrientation
300A,0420;GeneralAccessorySequence
300A,0421;GeneralAccessoryID
300A,0422;GeneralAccessoryDescription
300A,0423;GeneralAccessoryType
300A,0424;GeneralAccessoryNumber
300C,0002;ReferencedRTPlanSequence
300C,0004;ReferencedBeamSequence
300C,0006;ReferencedBeamNumber
300C,0007;ReferencedReferenceImageNumber
300C,0008;StartCumulativeMetersetWeight
300C,0009;EndCumulativeMetersetWeight
300C,000A;ReferencedBrachyAppSetupSeq
300C,000C;ReferencedBrachyAppSetupNumber
300C,000E;ReferencedSourceNumber
300C,0020;ReferencedFractionGroupSequence
300C,0022;ReferencedFractionGroupNumber
300C,0040;ReferencedVerificationImageSeq
300C,0042;ReferencedReferenceImageSequence
300C,0050;ReferencedDoseReferenceSequence
300C,0051;ReferencedDoseReferenceNumber
300C,0055;BrachyReferencedDoseReferenceSeq
300C,0060;ReferencedStructureSetSequence
300C,006A;ReferencedPatientSetupNumber
300C,0080;ReferencedDoseSequence
300C,00A0;ReferencedToleranceTableNumber
300C,00B0;ReferencedBolusSequence
300C,00C0;ReferencedWedgeNumber
300C,00D0;ReferencedCompensatorNumber
300C,00E0;ReferencedBlockNumber
300C,00F0;ReferencedControlPointIndex
300C,00F2;ReferencedControlPointSequence
300C,00F4;ReferencedStartControlPointIndex
300C,00F6;ReferencedStopControlPointIndex
300C,0100;ReferencedRangeShifterNumber
300C,0102;ReferencedLateralSpreadingDevNum
300C,0104;ReferencedRangeModulatorNumber
300E,0002;ApprovalStatus
300E,0004;ReviewDate
300E,0005;ReviewTime
300E,0008;ReviewerName
4000,0000;TextGroupLength
4000,0010;Arbitrary
4000,4000;TextComments
4008,0040;ResultsID
4008,0042;ResultsIDIssuer
4008,0050;ReferencedInterpretationSequence
4008,0100;InterpretationRecordedDate
4008,0101;InterpretationRecordedTime
4008,0102;InterpretationRecorder
4008,0103;ReferenceToRecordedSound
4008,0108;InterpretationTranscriptionDate
4008,0109;InterpretationTranscriptionTime
4008,010A;InterpretationTranscriber
4008,010B;InterpretationText
4008,010C;InterpretationAuthor
4008,0111;InterpretationApproverSequence
4008,0112;InterpretationApprovalDate
4008,0113;InterpretationApprovalTime
4008,0114;PhysicianApprovingInterpretation
4008,0115;InterpretationDiagnosisDescription
4008,0117;InterpretationDiagnosisCodeSeq
4008,0118;ResultsDistributionListSequence
4008,0119;DistributionName
4008,011A;DistributionAddress
4008,0200;InterpretationID
4008,0202;InterpretationIDIssuer
4008,0210;InterpretationTypeID
4008,0212;InterpretationStatusID
4008,0300;Impressions
4008,4000;ResultsComments
4FFE,0001;MACParametersSequence
50xx,0005;CurveDimensions
50xx,0010;NumberOfPoints
50xx,0020;TypeOfData
50xx,0022;CurveDescription
50xx,0030;AxisUnits
50xx,0040;AxisLabels
50xx,0103;DataValueRepresentation
50xx,0104;MinimumCoordinateValue
50xx,0105;MaximumCoordinateValue
50xx,0106;CurveRange
50xx,0110;CurveDataDescriptor
50xx,0112;CoordinateStartValue
50xx,0114;CoordinateStepValue
50xx,1001;CurveActivationLayer
50xx,2000;AudioType
50xx,2002;AudioSampleFormat
50xx,2004;NumberOfChannels
50xx,2006;NumberOfSamples
50xx,2008;SampleRate
50xx,200A;TotalTime
50xx,200C;AudioSampleData
50xx,200E;AudioComments
50xx,2500;CurveLabel
50xx,2600;ReferencedOverlaySequence
50xx,2610;ReferencedOverlayGroup
50xx,3000;CurveData
5200,9229;SharedFunctionalGroupsSequence
5200,9230;PerFrameFunctionalGroupsSequence
5400,0100;WaveformSequence
5400,0110;ChannelMinimumValue
5400,0112;ChannelMaximumValue
5400,1004;WaveformBitsAllocated
5400,1006;WaveformSampleInterpretation
5400,100A;WaveformPaddingValue
5400,1010;WaveformData
5600,0010;FirstOrderPhaseCorrectionAngle
5600,0020;SpectroscopyData
6000,0000;OverlayGroupLength
60xx,0010;OverlayRows
60xx,0011;OverlayColumns
60xx,0012;OverlayPlanes
60xx,0015;NumberOfFramesInOverlay
60xx,0022;OverlayDescription
60xx,0040;OverlayType
60xx,0045;OverlaySubtype
60xx,0050;OverlayOrigin
60xx,0051;ImageFrameOrigin
60xx,0052;OverlayPlaneOrigin
60xx,0060;OverlayCompressionCode
60xx,0061;OverlayCompressionOriginator
60xx,0062;OverlayCompressionLabel
60xx,0063;OverlayCompressionDescription
60xx,0066;OverlayCompressionStepPointers
60xx,0068;OverlayRepeatInterval
60xx,0069;OverlayBitsGrouped
60xx,0100;OverlayBitsAllocated
60xx,0102;OverlayBitPosition
60xx,0110;OverlayFormat
60xx,0200;OverlayLocation
60xx,0800;OverlayCodeLabel
60xx,0802;OverlayNumberOfTables
60xx,0803;OverlayCodeTableLocation
60xx,0804;OverlayBitsForCodeWord
60xx,1001;OverlayActivationLayer
60xx,1100;OverlayDescriptorGray
60xx,1101;OverlayDescriptorRed
60xx,1102;OverlayDescriptorGreen
60xx,1103;OverlayDescriptorBlue
60xx,1200;OverlaysGray
60xx,1201;OverlaysRed
60xx,1202;OverlaysGreen
60xx,1203;OverlaysBlue
60xx,1301;ROIArea
60xx,1302;ROIMean
60xx,1303;ROIStandardDeviation
60xx,1500;OverlayLabel
60xx,3000;OverlayData
60xx,4000;OverlayComments
7Fxx,0000;PixelDataGroupLength
7Fxx,0010;PixelData
7Fxx,0011;VariableNextDataGroup
7Fxx,0020;VariableCoefficientsSDVN
7Fxx,0030;VariableCoefficientsSDHN
7Fxx,0040;VariableCoefficientsSDDN
FFFA,FFFA;DigitalSignaturesSequence
FFFC,FFFC;DataSetTrailingPadding
FFFE,E000;StartOfItem
FFFE,E00D;EndOfItems
FFFE,E0DD;EndOfSequence
